qid,type,inj_num,orig_num,inj_survived,orig_restored,g1_det,g2_det,g3_det,any_gate,g1_false_positive,g2_false_positive,g3_false_positive,any_false_positive,suppressed_no_restore
FB_001_F18BFC11,dollar_amount,1677.0,1449.0,False,True,True,True,False,True,False,False,False,False,False
FB_001_F18BFC11,dollar_amount,1967.0,1487.0,True,False,False,False,False,False,False,False,False,False,False
FB_002_42BE1D74,dollar_amount,14.3,18.2,False,True,True,True,False,True,False,False,False,False,False
FB_002_42BE1D74,dollar_amount,10.9,17.8,False,True,True,True,False,True,False,False,False,False,False
FB_003_959AE4F2,dollar_amount,59768.0,45517.0,False,True,True,True,False,True,False,False,False,False,False
FB_003_959AE4F2,dollar_amount,1858.0,1451.0,True,True,True,True,False,True,False,False,False,False,False
FB_003_959AE4F2,dollar_amount,29761.0,35436.0,True,True,False,False,False,False,False,False,False,False,False
FB_004_FF1B8BC2,dollar_amount,7927.0,6081.0,False,True,True,False,False,True,False,False,False,False,False
FB_004_FF1B8BC2,dollar_amount,46995.0,36693.0,False,True,True,False,False,True,False,False,False,False,False
FB_004_FF1B8BC2,dollar_amount,44964.0,36086.0,False,True,True,False,False,True,False,False,False,False,False
FB_005_FE85BE68,dollar_amount,8236.0,12421.0,True,False,False,False,False,False,False,False,False,False,False
FB_005_FE85BE68,dollar_amount,6023.0,8052.0,False,False,True,False,False,True,False,False,False,False,True
FB_006_A4622E06,dollar_amount,5902.0,8492.0,False,False,True,False,False,True,False,False,False,False,True
FB_006_A4622E06,dollar_amount,5576.0,4313.0,False,False,True,False,False,True,False,False,False,False,True
FB_007_31B558AC,dollar_amount,1009.0,750.0,True,True,False,False,False,False,False,False,False,False,False
FB_007_31B558AC,percentage,0.01,3.75,True,False,False,False,False,False,False,False,False,False,False
FB_007_31B558AC,percentage,8.5,4.25,False,True,True,True,False,True,False,False,False,False,False
FB_008_77FDE37A,dollar_amount,1.08,1.49,False,True,True,True,False,True,False,False,False,False,False
FB_008_77FDE37A,dollar_amount,1.9,1.49,False,True,True,True,False,True,False,False,False,False,False
FB_008_77FDE37A,dollar_amount,7.92,5.76,False,False,True,True,False,True,False,False,False,False,True
FB_009_ABDB2F6B,dollar_amount,1274.0,1025.0,False,True,True,True,False,True,False,False,False,False,False
FB_009_ABDB2F6B,dollar_amount,1435.0,1037.0,False,True,True,True,False,True,False,False,False,False,False
FB_010_CBE1B721,percentage,14.3,3.3,False,True,False,False,False,False,False,False,False,False,False
FB_010_CBE1B721,percentage,16.3,5.1,False,True,False,False,False,False,False,False,False,False,False
FB_011_F50BA584,dollar_amount,1051.0,1626.0,False,False,True,False,False,True,False,False,False,False,True
FB_011_F50BA584,dollar_amount,1034.0,1660.0,False,False,True,False,False,True,False,False,False,False,True
FB_012_41487F3A,dollar_amount,2035.0,2825.0,False,False,True,True,False,True,False,False,False,False,True
FB_012_41487F3A,percentage,32.8,21.3,False,False,True,True,False,True,False,False,False,False,True
FB_013_E5C83D85,dollar_amount,2397.0,2927.0,True,False,False,False,False,False,False,False,False,False,False
FB_013_E5C83D85,dollar_amount,3504.0,2628.0,False,False,True,True,False,True,False,False,False,False,True
FB_014_3C2ED91D,percentage,38.5,32.9,False,False,False,False,False,False,False,False,False,False,False
FB_014_3C2ED91D,dollar_amount,4381.0,5786.0,False,False,True,True,False,True,False,False,False,False,True
FB_015_5E139DB3,dollar_amount,3695.0,4895.0,True,False,False,False,False,False,False,False,False,False,False
FB_015_5E139DB3,dollar_amount,4076.0,3396.0,True,True,False,False,False,False,False,False,False,False,False
FB_017_4ABE7642,dollar_amount,11608.0,8814.0,False,False,True,False,False,True,False,False,False,False,True
FB_017_4ABE7642,dollar_amount,5621.0,8187.0,False,False,True,False,False,True,False,False,False,False,True
FB_017_4ABE7642,dollar_amount,11413.0,8814.0,False,False,True,False,False,True,False,False,False,False,True
FB_018_6E9F56BB,dollar_amount,27446.0,38425.0,False,True,True,True,False,True,False,False,False,False,False
FB_018_6E9F56BB,dollar_amount,29233.0,39339.0,False,True,True,True,False,True,False,False,False,False,False
FB_019_A187C1CC,dollar_amount,14425.0,17202.0,True,True,False,False,False,False,False,False,False,False,False
FB_019_A187C1CC,dollar_amount,10104.0,16632.0,False,False,True,True,False,True,False,False,False,False,True
FB_020_C68C8862,dollar_amount,179626.0,136004.0,True,True,False,False,False,False,False,False,False,False,False
FB_020_C68C8862,percentage,26.6,30.8,False,True,True,True,False,True,False,False,False,False,False
FB_021_8ECDBFF6,dollar_amount,14743.0,11588.0,False,True,True,True,False,True,False,False,False,False,False
FB_021_8ECDBFF6,dollar_amount,2112.0,3033.0,False,False,True,True,False,True,False,False,False,False,True
FB_022_466C1ED8,dollar_amount,947.0,1205.0,False,False,True,True,True,True,False,False,False,False,True
FB_022_466C1ED8,dollar_amount,1235.0,1063.0,True,True,False,False,False,False,False,False,False,False,False
FB_024_214CEB4C,dollar_amount,2085.0,2843.0,False,True,True,False,False,True,False,False,False,False,False
FB_024_214CEB4C,dollar_amount,2926.0,4196.0,False,True,False,False,False,False,False,False,False,False,False
FB_024_214CEB4C,dollar_amount,891.0,1058.0,False,True,True,False,False,True,False,False,False,False,False
FB_025_E70F40EB,large_number,1669.0,1200.0,False,True,True,False,False,True,False,False,False,False,False
FB_025_E70F40EB,large_number,17880.0,13500.0,False,False,True,False,False,True,False,False,False,False,True
FB_025_E70F40EB,large_number,897.0,1100.0,False,False,False,False,False,False,False,False,False,False,False
FB_027_9BE33B25,percentage,12.6,20.5,False,True,True,True,False,True,False,False,False,False,False
FB_027_9BE33B25,dollar_amount,8437.0,10000.0,False,True,True,True,False,True,False,False,False,False,False
FB_027_9BE33B25,percentage,9.4,20.5,False,True,True,True,False,True,False,False,False,False,False
FB_028_C84B8000,dollar_amount,38.0,45.0,False,True,True,True,True,True,False,False,False,False,False
FB_028_C84B8000,dollar_amount,38.0,50.0,False,False,True,True,True,True,False,False,False,False,True
FB_029_CA5B2B49,dollar_amount,2622.0,2200.0,True,True,True,True,True,True,False,False,False,False,False
FB_029_CA5B2B49,dollar_amount,1517.0,2000.0,True,True,True,True,True,True,False,False,False,False,False
FB_030_DF79B84F,dollar_amount,16612.0,14000.0,False,True,True,True,False,True,False,False,False,False,False
FB_030_DF79B84F,dollar_amount,8955.0,13500.0,False,True,True,True,False,True,False,False,False,False,False
FB_031_E5667B37,dollar_amount,762.0,1165.0,False,True,True,True,False,True,False,False,False,False,False
FB_031_E5667B37,dollar_amount,7678.0,5506.0,False,False,True,True,False,True,False,False,False,False,True
FB_031_E5667B37,percentage,29.4,21.2,True,True,False,False,False,False,False,False,False,False,False
FB_032_D18D6021,dollar_amount,1474.0,1202.0,True,True,False,False,False,False,False,False,False,False,False
FB_032_D18D6021,dollar_amount,6844.0,4973.0,True,True,False,False,False,False,False,False,False,False,False
FB_033_EE9D3CFB,dollar_amount,8249.0,10800.0,True,False,False,False,False,False,False,False,False,False,False
FB_033_EE9D3CFB,dollar_amount,6395.0,9763.0,False,True,True,False,False,True,False,False,False,False,False
FB_033_EE9D3CFB,dollar_amount,4399.0,3763.0,False,True,True,False,False,True,False,False,False,False,False
FB_034_BDBAA961,dollar_amount,22281.0,16420.0,False,True,True,True,False,True,False,False,False,False,False
FB_034_BDBAA961,percentage,33.9,43.8,False,True,True,True,False,True,False,False,False,False,False
FB_034_BDBAA961,dollar_amount,10590.0,16420.0,False,True,True,True,False,True,False,False,False,False,False
FB_035_15E1E864,percentage,6.4,14.0,False,True,True,False,False,True,False,False,False,False,False
FB_035_15E1E864,large_number,2445.0,1832.0,False,True,True,False,False,True,False,False,False,False,False
FB_035_15E1E864,large_number,12160.0,9763.0,False,False,True,False,False,True,False,False,False,False,True
FB_036_47FD0B96,large_number,802.0,1028.0,False,True,False,True,False,True,False,False,False,False,False
FB_036_47FD0B96,large_number,1829.0,1525.0,True,False,False,False,False,False,False,False,False,False,False
FB_037_CB0A4D6D,dollar_amount,3135.0,3800.0,True,True,False,False,False,False,False,False,False,False,False
FB_037_CB0A4D6D,dollar_amount,2208.0,3100.0,False,True,True,True,False,True,False,False,False,False,False
FB_037_CB0A4D6D,dollar_amount,2500.0,3100.0,False,True,True,True,False,True,False,False,False,False,False
FB_038_9BAA83E2,dollar_amount,19432.0,23600.0,False,False,True,False,False,True,False,False,False,False,True
FB_038_9BAA83E2,percentage,51.7,55.0,False,True,True,False,False,True,False,False,False,False,False
FB_039_FDBB6DC2,dollar_amount,1372.0,1000.0,False,True,True,True,False,True,False,False,False,False,False
FB_039_FDBB6DC2,percentage,0.01,4.0,True,True,False,False,False,False,False,False,False,False,False
FB_039_FDBB6DC2,dollar_amount,46807.0,39000.0,False,True,True,True,False,True,False,False,False,False,False
FB_040_DBF8FC6A,dollar_amount,62827.0,51000.0,False,True,True,True,False,True,False,False,False,False,False
FB_040_DBF8FC6A,percentage,29.6,21.6,False,True,True,True,False,True,False,False,False,False,False
FB_041_EB5B1B78,dollar_amount,48564.0,36090.0,False,True,True,False,False,True,False,False,False,False,False
FB_041_EB5B1B78,dollar_amount,5847.0,4825.0,False,True,True,False,False,True,False,False,False,False,False
FB_041_EB5B1B78,dollar_amount,49343.0,36090.0,False,True,True,False,False,True,False,False,False,False,False
FB_042_1741E456,dollar_amount,23630.0,18816.0,False,False,True,True,False,True,False,False,False,False,True
FB_042_1741E456,dollar_amount,17915.0,28842.0,False,False,False,False,False,False,False,False,False,False,False
FB_043_1BA81F6A,percentage,24.1,20.1,True,True,False,False,False,False,False,False,False,False,False
FB_043_1BA81F6A,dollar_amount,5968.0,7667.0,False,True,False,False,False,False,False,False,False,False,False
FB_043_1BA81F6A,percentage,31.3,20.1,False,True,True,True,False,True,False,False,False,False,False
FB_044_899DEDA7,dollar_amount,87723.0,106196.0,False,True,True,True,False,True,False,False,False,False,False
FB_044_899DEDA7,dollar_amount,75098.0,58160.0,False,False,True,True,False,True,False,False,False,False,True
FB_044_899DEDA7,dollar_amount,35269.0,50000.0,False,False,True,True,True,True,False,False,False,False,True
FB_045_3960FE69,percentage,0.0,5.1,False,True,False,False,False,False,False,False,False,False,False
FB_045_3960FE69,percentage,0.1,6.3,False,True,False,False,False,False,False,False,False,False,False
FB_046_E323A993,dollar_amount,1420.0,1034.0,False,False,True,True,False,True,False,False,False,False,True
FB_046_E323A993,dollar_amount,650.0,977.0,False,True,True,True,False,True,False,False,False,False,False
FB_047_A9C061FE,dollar_amount,966.0,1426.0,False,True,True,True,True,True,False,False,False,False,False
FB_047_A9C061FE,dollar_amount,832.0,1019.0,False,True,True,True,True,True,False,False,False,False,False
FB_047_A9C061FE,dollar_amount,208.0,263.0,False,False,True,True,True,True,False,False,False,False,True
FB_048_79F71CE3,dollar_amount,1823.0,1519.0,False,False,True,False,False,True,False,False,False,False,True
FB_048_79F71CE3,dollar_amount,522.0,684.0,False,True,True,True,False,True,False,False,False,False,False
FB_048_79F71CE3,dollar_amount,721.0,606.0,False,True,True,False,False,True,False,False,False,False,False
FB_049_4416C718,dollar_amount,924.0,1173.0,False,True,True,True,False,True,False,False,False,False,False
FB_049_4416C718,percentage,0.0,2.9,False,True,False,False,False,False,False,False,False,False,False
FB_049_4416C718,percentage,0.0,2.9,False,True,False,False,False,False,False,False,False,False,False
FB_050_A0B82AEA,dollar_amount,2780.0,3719.0,False,False,True,True,False,True,False,False,False,False,True
FB_050_A0B82AEA,dollar_amount,4922.0,3579.0,False,True,True,True,False,True,False,False,False,False,False
FB_051_091D46D5,dollar_amount,29580.0,46294.0,False,True,True,False,False,True,False,False,False,False,False
FB_051_091D46D5,dollar_amount,55020.0,47262.0,False,True,True,False,False,True,False,False,False,False,False
FB_051_091D46D5,percentage,10.3,2.0,False,False,True,False,False,True,False,False,False,False,True
FB_052_FC76DF78,large_number,1157.0,1846.0,False,False,True,False,False,True,False,False,False,False,True
FB_052_FC76DF78,large_number,32254.0,47262.0,False,True,True,False,False,True,False,False,False,False,False
FB_052_FC76DF78,large_number,1229.0,1570.0,False,False,True,False,False,True,False,False,False,False,True
FB_053_05E755A5,dollar_amount,1210.0,1518.0,True,False,False,True,False,True,False,True,False,True,False
FB_053_05E755A5,large_number,1421.0,1188.0,True,True,False,False,False,False,False,False,False,False,False
FB_053_05E755A5,large_number,852.0,1045.0,False,True,False,False,False,False,False,False,False,False,False
FB_054_F1BBC565,dollar_amount,911.0,1200.0,False,True,True,True,False,True,False,False,False,False,False
FB_054_F1BBC565,dollar_amount,2191.0,3200.0,False,False,True,True,False,True,False,False,False,False,True
FB_054_F1BBC565,dollar_amount,789.0,1200.0,False,True,True,True,False,True,False,False,False,False,False
FB_055_B75D0172,large_number,822.0,1024.0,False,True,False,False,False,False,False,False,False,False,False
FB_055_B75D0172,large_number,698.0,1040.0,False,True,False,False,False,False,False,False,False,False,False
FB_055_B75D0172,large_number,1272.0,1024.0,False,True,True,True,False,True,False,False,False,False,False
FB_056_E46FAB20,dollar_amount,1519.0,1800.0,True,False,False,False,False,False,False,False,False,False,False
FB_056_E46FAB20,dollar_amount,738.0,600.0,False,False,True,True,False,True,False,False,False,False,True
FB_056_E46FAB20,dollar_amount,1307.0,1900.0,False,False,False,False,False,False,False,False,False,False,False
FB_057_2D006C3F,dollar_amount,606.8,467.5,False,True,True,True,False,True,False,False,False,False,False
FB_057_2D006C3F,dollar_amount,259.8,360.6,False,False,True,True,True,True,False,False,False,False,True
FB_057_2D006C3F,dollar_amount,788.1,1197.5,False,False,True,False,False,True,False,False,False,False,True
FB_058_4FC4F0E9,dollar_amount,5585.0,4711.0,False,True,True,True,True,True,False,False,False,False,False
FB_058_4FC4F0E9,percentage,91.9,101.6,False,True,True,True,True,True,False,False,False,False,False
FB_058_4FC4F0E9,dollar_amount,12544.0,9493.0,False,True,True,True,True,True,False,False,False,False,False
FB_060_D8048F85,dollar_amount,115274.0,83535.0,True,True,False,False,False,False,False,False,False,False,False
FB_060_D8048F85,dollar_amount,85028.0,139660.0,True,True,False,False,False,False,False,False,False,False,False
FB_061_B30537F0,dollar_amount,52278.0,62283.0,False,False,True,True,False,True,False,False,False,False,True
FB_061_B30537F0,dollar_amount,13434.0,21319.0,False,False,False,False,False,False,False,False,False,False,False
FB_061_B30537F0,percentage,14.4,23.0,True,True,True,True,True,True,False,False,False,False,False
FB_062_CCEDD88C,dollar_amount,191569.0,156898.0,False,True,True,True,False,True,False,False,False,False,False
FB_063_38B981AD,percentage,0.9,7.1,True,False,False,False,False,False,False,False,False,False,False
FB_063_38B981AD,dollar_amount,71042.0,58658.0,False,False,True,True,False,True,False,False,False,False,True
FB_064_7576A9AF,dollar_amount,12426.0,14800.0,False,True,True,True,True,True,False,False,False,False,False
FB_064_7576A9AF,dollar_amount,18525.0,15300.0,False,False,True,False,False,True,False,False,False,False,True
FB_064_7576A9AF,dollar_amount,19162.0,15100.0,False,True,True,False,False,True,False,False,False,False,False
FB_065_8F3B2425,dollar_amount,41886.0,58658.0,True,False,False,False,False,False,False,False,False,False,False
FB_065_8F3B2425,dollar_amount,18532.0,26210.0,False,True,True,False,False,True,False,False,False,False,False
FB_065_8F3B2425,dollar_amount,469.0,382.0,False,True,True,False,False,True,False,False,False,False,False
FB_067_92C7D508,percentage,9.5,20.0,False,True,True,False,False,True,False,False,False,False,False
FB_067_92C7D508,dollar_amount,1513.0,1200.0,False,True,True,False,False,True,False,False,False,False,False
FB_067_92C7D508,dollar_amount,3936.0,5500.0,False,False,True,False,False,True,False,False,False,False,True
FB_068_46FFC913,dollar_amount,58656.0,86180.5,False,True,True,True,False,True,False,False,False,False,False
FB_068_46FFC913,percentage,0.01,1.45,False,True,False,False,False,False,False,False,False,False,False
FB_069_15B93D82,percentage,51.5,44.2,False,True,True,True,False,True,False,False,False,False,False
FB_069_15B93D82,dollar_amount,25413.0,33014.0,False,True,True,False,False,True,False,False,False,False,False
FB_070_4418F850,dollar_amount,5694.0,7964.0,False,True,True,True,False,True,False,False,False,False,False
FB_070_4418F850,dollar_amount,14585.0,11952.0,False,False,True,True,False,True,False,False,False,False,True
FB_070_4418F850,dollar_amount,14512.0,11952.0,False,False,True,True,False,True,False,False,False,False,True
FB_071_0CB99E74,dollar_amount,4292.0,3167.0,False,False,True,True,False,True,False,False,False,False,True
FB_071_0CB99E74,dollar_amount,73.0,111.0,False,True,True,True,False,True,False,False,False,False,False
FB_071_0CB99E74,dollar_amount,7381.0,10248.0,False,True,True,True,False,True,False,False,False,False,False
FB_072_05A484DC,dollar_amount,8255.0,11500.0,False,False,True,True,False,True,False,False,False,False,True
FB_072_05A484DC,large_number,2118.0,3206.0,False,False,True,True,False,True,False,False,False,False,True
FB_073_5495DBB9,percentage,9.9,13.9,False,False,True,False,False,True,False,False,False,False,True
FB_073_5495DBB9,dollar_amount,221.0,264.0,False,True,True,False,False,True,False,False,False,False,False
FB_073_5495DBB9,dollar_amount,207.0,292.0,False,False,True,False,False,True,False,False,False,False,True
FB_074_499976A7,dollar_amount,6078.0,8108.0,False,False,True,True,False,True,False,False,False,False,True
FB_074_499976A7,dollar_amount,9948.0,7400.0,False,True,True,True,False,True,False,False,False,False,False
FB_075_D5F39BB5,dollar_amount,38256.0,59431.0,False,True,True,True,False,True,False,False,False,False,False
FB_075_D5F39BB5,dollar_amount,41694.0,53189.0,False,True,True,True,False,True,False,False,False,False,False
FB_076_1BF5949C,dollar_amount,124200.0,194579.0,False,True,True,True,False,True,False,False,False,False,False
FB_076_1BF5949C,dollar_amount,27991.0,21643.0,True,False,False,False,False,False,False,False,False,False,False
FB_076_1BF5949C,dollar_amount,29388.0,22389.0,False,False,False,False,False,False,False,False,False,False,False
FB_077_6547C156,dollar_amount,2148.0,3100.0,False,False,True,True,True,True,False,False,False,False,True
FB_077_6547C156,dollar_amount,3128.0,2500.0,False,True,False,False,False,False,False,False,False,False,False
FB_077_6547C156,dollar_amount,78204.0,128000.0,False,False,True,True,False,True,False,False,False,False,True
FB_078_F8A3C776,dollar_amount,2.0,3.0,True,True,False,False,False,False,False,False,False,False,False
FB_078_F8A3C776,dollar_amount,1.4,2.0,False,True,True,True,False,True,False,False,False,False,False
FB_079_C8770283,dollar_amount,0.68,0.5,False,True,True,True,True,True,False,False,False,False,False
FB_079_C8770283,dollar_amount,0.69,0.5,False,True,True,True,True,True,False,False,False,False,False
FB_079_C8770283,dollar_amount,1.25,1.98,False,True,True,True,True,True,False,False,False,False,False
FB_081_4E1CC3D9,large_number,63263625.0,48123456.0,False,False,True,True,False,True,False,False,False,False,True
FB_081_4E1CC3D9,large_number,12416701.0,9876543.0,False,True,True,True,False,True,False,False,False,False,False
FB_082_4FFC55E4,dollar_amount,1334.0,1059.0,False,True,True,True,False,True,False,False,False,False,False
FB_082_4FFC55E4,dollar_amount,37.0,30.0,False,True,True,True,False,True,False,False,False,False,False
FB_083_62A760DF,dollar_amount,3586.0,2972.0,True,False,False,False,False,False,False,False,False,False,False
FB_083_62A760DF,dollar_amount,3712.0,2731.0,True,False,False,False,False,False,False,False,False,False,False
FB_083_62A760DF,dollar_amount,2326.0,3556.0,False,True,True,False,False,True,False,False,False,False,False
FB_084_403F35B5,dollar_amount,952.0,1205.0,False,True,True,True,True,True,False,False,False,False,False
FB_084_403F35B5,dollar_amount,735.0,1205.0,False,True,True,True,True,True,False,False,False,False,False
FB_085_149EBAE9,dollar_amount,772.0,1174.0,False,True,True,True,False,True,False,False,False,False,False
FB_085_149EBAE9,dollar_amount,898.0,1174.0,False,True,True,True,False,True,False,False,False,False,False
FB_085_149EBAE9,dollar_amount,1353.0,1905.0,False,True,False,False,False,False,False,False,False,False,False
FB_086_889F46BB,dollar_amount,70366.0,93775.0,False,True,True,True,False,True,False,False,False,False,False
FB_086_889F46BB,dollar_amount,22612.0,16676.0,False,False,True,True,False,True,False,False,False,False,True
FB_086_889F46BB,dollar_amount,8873.0,14714.0,False,True,True,True,False,True,False,False,False,False,False
FB_087_99FD2FB2,percentage,70.3,81.1,False,True,True,True,False,True,False,False,False,False,False
FB_087_99FD2FB2,dollar_amount,20998.0,15157.0,False,False,True,False,False,True,False,False,False,False,True
FB_087_99FD2FB2,dollar_amount,84991.0,67427.0,False,False,False,False,False,False,False,False,False,False,False
FB_088_DD231ABD,dollar_amount,130473.0,94943.0,False,True,True,False,False,True,False,False,False,False,False
FB_088_DD231ABD,dollar_amount,19470.0,15120.0,False,False,True,False,False,True,False,False,False,False,True
FB_088_DD231ABD,dollar_amount,18618.0,14230.0,False,False,True,False,False,True,False,False,False,False,True
FB_089_CF6163C6,dollar_amount,3.05,2.35,True,False,False,False,False,False,False,False,False,False,False
FB_089_CF6163C6,percentage,31.6,22.8,False,True,True,True,False,True,False,False,False,False,False
FB_090_72CFB567,dollar_amount,62980.0,46211.0,False,True,True,True,True,True,False,False,False,False,False
FB_090_72CFB567,dollar_amount,48060.0,34678.0,False,False,False,False,False,False,False,False,False,False,False
FB_090_72CFB567,dollar_amount,40543.0,34678.0,True,False,True,True,True,True,False,False,False,False,False
FB_091_82F6C167,dollar_amount,4690.0,3694.0,False,True,True,False,False,True,False,False,False,False,False
FB_091_82F6C167,dollar_amount,2388.0,3650.0,False,True,True,False,False,True,False,False,False,False,False
FB_091_82F6C167,dollar_amount,2481.0,3580.0,False,True,True,False,False,True,False,False,False,False,False
FB_092_1FF70EDD,dollar_amount,16.9,13.0,True,False,True,True,True,True,False,False,False,False,False
FB_093_3013F02B,dollar_amount,4412.0,3500.0,False,True,True,True,True,True,False,False,False,False,False
FB_094_62DF77C2,dollar_amount,32304.0,24000.0,False,True,True,True,False,True,False,False,False,False,False
FB_094_62DF77C2,percentage,26.36,19.87,False,True,True,True,False,True,False,False,False,False,False
FB_094_62DF77C2,percentage,25.1,19.87,False,True,True,True,False,True,False,False,False,False,False
FB_095_25B2B23C,dollar_amount,9112.0,14170.0,True,False,False,False,False,False,False,False,False,False,False
FB_095_25B2B23C,dollar_amount,5399.0,4020.0,False,False,True,True,True,True,False,False,False,False,True
FB_096_3F49DA9A,dollar_amount,2632855.0,3478000.0,False,True,True,True,False,True,False,False,False,False,False
FB_096_3F49DA9A,dollar_amount,126259.0,208000.0,False,True,True,True,False,True,False,False,False,False,False
FB_096_3F49DA9A,large_number,1899.0,3000.0,False,True,True,True,False,True,False,False,False,False,False
FB_097_2BA7758E,percentage,69.6,76.8,False,True,True,True,False,True,False,False,False,False,False
FB_097_2BA7758E,percentage,70.4,76.8,False,True,True,True,False,True,False,False,False,False,False
FB_098_7154A728,dollar_amount,801.0,1000.0,False,True,True,True,False,True,False,False,False,False,False
FB_098_7154A728,dollar_amount,12001.0,8640.0,True,True,False,False,False,False,False,False,False,False,False
FB_099_6BE111D5,dollar_amount,18.0,23.0,False,True,True,True,False,True,False,False,False,False,False
FB_099_6BE111D5,dollar_amount,6231.0,7500.0,False,True,True,True,False,True,False,False,False,False,False
FB_099_6BE111D5,dollar_amount,9150.0,7200.0,False,True,True,True,False,True,False,False,False,False,False
FB_100_6814F36E,dollar_amount,1172.0,1748.0,False,False,False,False,False,False,False,False,False,False,False
FB_100_6814F36E,dollar_amount,2011.0,1698.0,False,False,False,False,False,False,False,False,False,False,False
FB_101_79109208,dollar_amount,37987.0,45200.0,True,True,True,True,True,True,False,False,False,False,False
FB_101_79109208,dollar_amount,64022.0,46800.0,False,False,False,False,False,False,False,False,False,False,False
FB_102_F5764A3D,dollar_amount,16467.0,22189.0,True,False,False,False,False,False,False,False,False,False,False
FB_102_F5764A3D,dollar_amount,14968.0,12242.0,False,False,True,True,False,True,False,False,False,False,True
FB_103_98E6E9E2,dollar_amount,90117.0,65398.0,False,True,True,True,False,True,False,False,False,False,False
FB_103_98E6E9E2,dollar_amount,87879.0,67045.0,False,True,True,True,False,True,False,False,False,False,False
FB_104_AE0FFD33,dollar_amount,952.0,1479.0,False,False,True,False,False,True,False,False,False,False,True
FB_104_AE0FFD33,dollar_amount,1050.0,1379.0,False,False,True,False,False,True,False,False,False,False,True
FB_104_AE0FFD33,dollar_amount,1084.0,1295.0,False,True,True,False,False,True,False,False,False,False,False
FB_105_61DCE693,dollar_amount,8743.0,12865.0,True,False,False,False,False,False,False,False,False,False,False
FB_105_61DCE693,dollar_amount,17790.0,13165.0,True,False,False,False,False,False,False,False,False,False,False
FB_105_61DCE693,percentage,12.12,19.74,True,True,False,False,False,False,False,False,False,False,False
FB_106_EB0A9203,dollar_amount,1.0,2.0,False,True,True,True,False,True,False,False,False,False,False
FB_107_B17259C6,dollar_amount,532.0,394.0,True,True,True,True,True,True,False,False,False,False,False
FB_107_B17259C6,dollar_amount,59.0,96.0,True,True,True,True,True,True,False,False,False,False,False
FB_108_8E72B311,dollar_amount,793.0,1158.0,False,True,True,True,False,True,False,False,False,False,False
FB_108_8E72B311,dollar_amount,301.0,410.0,False,True,True,True,False,True,False,False,False,False,False
FB_109_F3781DA6,dollar_amount,4868.0,6324.0,False,True,True,True,False,True,False,False,False,False,False
FB_109_F3781DA6,dollar_amount,210.0,251.0,True,False,False,False,False,False,False,False,False,False,False
FB_110_74F7847F,dollar_amount,1210.0,1500.0,False,True,True,True,False,True,False,False,False,False,False
FB_110_74F7847F,dollar_amount,730.0,900.0,False,True,True,True,False,True,False,False,False,False,False
FB_111_A4B199F5,dollar_amount,15037.0,24060.0,False,False,True,False,False,True,False,False,False,False,True
FB_111_A4B199F5,dollar_amount,19557.0,23198.0,False,False,True,False,False,True,False,False,False,False,True
FB_111_A4B199F5,dollar_amount,28477.0,23674.0,False,False,True,False,False,True,False,False,False,False,True
FB_112_2DC55A31,dollar_amount,41918.0,51000.0,False,False,True,True,False,True,False,False,False,False,True
FB_112_2DC55A31,dollar_amount,28845.0,48000.0,False,True,True,True,False,True,False,False,False,False,False
FB_113_30E7F266,large_number,17859.0,13500.0,False,False,False,False,False,False,False,False,False,False,False
FB_113_30E7F266,large_number,906.0,1200.0,False,False,False,False,False,False,False,False,False,False,False
FB_114_ACC06CE8,dollar_amount,2742.0,4052.0,False,False,True,True,True,True,False,False,False,False,True
FB_114_ACC06CE8,dollar_amount,3253.0,2474.0,True,True,False,False,False,False,False,False,False,False,False
FB_115_AE55E4C4,dollar_amount,9070.0,12199.0,False,True,True,False,False,True,False,False,False,False,False
FB_115_AE55E4C4,large_number,21769.0,32376.0,False,True,True,True,False,True,False,False,False,False,False
FB_115_AE55E4C4,percentage,47.3,37.7,False,True,True,True,False,True,False,False,False,False,False
FB_116_1C09CCA7,dollar_amount,5544.0,7883.0,False,True,True,False,False,True,False,False,False,False,False
FB_116_1C09CCA7,dollar_amount,9099.0,7477.0,False,False,True,False,False,True,False,False,False,False,True
FB_116_1C09CCA7,dollar_amount,4680.0,6704.0,False,True,True,False,False,True,False,False,False,False,False
FB_117_C880E731,dollar_amount,6037.0,5200.0,False,True,True,True,False,True,False,False,False,False,False
FB_117_C880E731,dollar_amount,6546.86,4951.5,False,True,True,True,False,True,False,False,False,False,False
FB_117_C880E731,dollar_amount,3274.29,4951.5,False,True,True,True,False,True,False,False,False,False,False
FB_118_8B6021A4,large_number,739.0,1112.0,False,False,False,True,False,True,False,False,False,False,True
FB_118_8B6021A4,dollar_amount,7663.0,5752.0,False,False,False,False,False,False,False,False,False,False,False
FB_118_8B6021A4,dollar_amount,4216.0,5066.0,False,True,False,False,False,False,False,False,False,False,False
FB_119_3CD84B18,dollar_amount,23876.0,18407.0,False,False,True,False,False,True,False,False,False,False,True
FB_119_3CD84B18,dollar_amount,12740.0,10498.0,False,False,True,False,False,True,False,False,False,False,True
FB_119_3CD84B18,dollar_amount,8689.0,10226.0,False,False,True,False,False,True,False,False,False,False,True
FB_120_223C47BE,dollar_amount,3.2,4.2,False,True,True,True,False,True,False,False,False,False,False
FB_120_223C47BE,dollar_amount,2.5,3.4,False,True,True,True,False,True,False,False,False,False,False
FB_124_C0D9EB5C,dollar_amount,6616.0,8613.0,False,True,False,False,False,False,False,False,False,False,False
FB_124_C0D9EB5C,dollar_amount,15021.0,11813.0,False,True,True,False,False,True,False,False,False,False,False
FB_124_C0D9EB5C,dollar_amount,6610.0,10200.0,False,False,False,False,False,False,False,False,False,False,False
FB_125_E7A2D24B,percentage,18.6,23.9,False,True,True,True,True,True,False,False,False,False,False
FB_125_E7A2D24B,dollar_amount,17408.0,13209.0,True,True,False,False,False,False,False,False,False,False,False
FB_125_E7A2D24B,dollar_amount,22497.0,17188.0,False,True,True,True,False,True,False,False,False,False,False
FB_126_3313FCA9,percentage,27.2,35.5,False,True,True,True,False,True,False,False,False,False,False
FB_126_3313FCA9,large_number,475408619.0,355000000.0,False,True,True,True,False,True,False,False,False,False,False
FB_126_3313FCA9,large_number,748272843.0,645000000.0,False,True,True,True,False,True,False,False,False,False,False
FB_127_E1B380E5,dollar_amount,1.0,1.5,False,True,True,True,False,True,False,False,False,False,False
FB_127_E1B380E5,dollar_amount,4.6,5.5,False,True,True,True,False,True,False,False,False,False,False
FB_128_F410AC0E,dollar_amount,4150.0,3000.0,False,True,True,False,False,True,False,False,False,False,False
FB_128_F410AC0E,dollar_amount,27616.0,41173.0,False,True,True,False,False,True,False,False,False,False,False
FB_128_F410AC0E,dollar_amount,107506.0,92575.0,False,True,True,False,False,True,False,False,False,False,False
FB_129_1F62F697,percentage,14.2,10.0,False,True,True,True,False,True,False,False,False,False,False
FB_129_1F62F697,percentage,16.9,10.3,False,True,False,True,False,True,False,False,False,False,False
FB_129_1F62F697,dollar_amount,1.0,1.29,False,True,True,True,False,True,False,False,False,False,False
FB_130_B646D047,percentage,17.6,10.0,False,True,True,False,False,True,False,False,False,False,False
FB_130_B646D047,percentage,2.6,8.0,False,True,True,False,False,True,False,False,False,False,False
FB_130_B646D047,percentage,17.0,8.0,False,True,True,False,False,True,False,False,False,False,False
FB_131_3A78CB5F,dollar_amount,8948.0,12171.0,False,False,True,False,False,True,False,False,False,False,True
FB_131_3A78CB5F,large_number,7869.0,11396.0,False,True,True,False,False,True,False,False,False,False,False
FB_132_9F7A4F77,dollar_amount,26881.0,20028.0,False,False,True,False,False,True,False,False,False,False,True
FB_132_9F7A4F77,dollar_amount,1431.0,2200.0,False,True,True,False,False,True,False,False,False,False,False
FB_133_F4882588,dollar_amount,14483.0,11400.0,True,True,False,False,False,False,False,False,False,False,False
FB_133_F4882588,dollar_amount,2747.0,2000.0,False,True,True,True,False,True,False,False,False,False,False
FB_133_F4882588,dollar_amount,1317.0,1000.0,False,True,True,True,False,True,False,False,False,False,False
FB_134_8EAD738D,dollar_amount,1654.0,1200.0,False,True,True,True,True,True,False,False,False,False,False
FB_135_DFC4B0A4,dollar_amount,2548.0,3174.0,False,False,True,False,False,True,False,False,False,False,True
FB_135_DFC4B0A4,dollar_amount,16404.0,12427.0,False,False,True,True,False,True,False,False,False,False,True
FB_135_DFC4B0A4,percentage,0.0,4.0,False,False,False,False,False,False,False,False,False,False,False
FB_137_A71B03EF,dollar_amount,751.0,1000.0,False,True,True,True,False,True,False,False,False,False,False
FB_137_A71B03EF,dollar_amount,931.0,1500.0,False,False,True,True,False,True,False,False,False,False,True
FB_138_1767BBA1,dollar_amount,5245.6,3900.5,False,False,True,False,False,True,False,False,False,False,True
FB_138_1767BBA1,dollar_amount,2212.1,3200.2,False,False,True,False,False,True,False,False,False,False,True
FB_138_1767BBA1,dollar_amount,2497.7,3500.0,True,False,False,False,False,False,False,False,False,False,False
FB_139_4FC46F83,dollar_amount,1698.3,2800.0,False,False,True,True,False,True,False,False,False,False,True
FB_139_4FC46F83,percentage,31.4,42.4,False,True,True,True,False,True,False,False,False,False,False
FB_139_4FC46F83,percentage,43.9,50.1,True,True,False,True,False,True,False,False,False,False,False
FB_140_E38BA3D2,dollar_amount,952.0,1211.8,False,False,True,False,False,True,False,False,False,False,True
FB_140_E38BA3D2,dollar_amount,1266.6,1050.5,True,False,False,False,False,False,False,False,False,False,False
FB_140_E38BA3D2,dollar_amount,1112.3,1646.5,True,False,False,False,False,False,False,False,False,False,False
FB_141_339C8E4B,dollar_amount,298.0,250.0,False,False,True,False,False,True,False,False,False,False,True
FB_141_339C8E4B,dollar_amount,1001.0,1500.0,True,False,False,False,False,False,False,False,False,False,False
FB_141_339C8E4B,percentage,18.1,25.0,False,True,False,False,False,False,False,False,False,False,False
FB_142_54C31BE1,dollar_amount,830.6,1083.5,False,False,True,True,False,True,False,False,False,False,True
FB_142_54C31BE1,dollar_amount,4411.0,3829.0,False,True,True,True,False,True,False,False,False,False,False
FB_143_A0EA48F4,dollar_amount,15974.0,12000.0,False,True,True,True,True,True,False,False,False,False,False
FB_143_A0EA48F4,dollar_amount,1034.0,1500.0,False,False,True,True,True,True,False,False,False,False,True
FB_143_A0EA48F4,dollar_amount,8922.0,11000.0,False,True,True,True,True,True,False,False,False,False,False
FB_144_BD395CC4,dollar_amount,2611.0,3800.0,False,True,True,True,False,True,False,False,False,False,False
FB_144_BD395CC4,dollar_amount,4598.0,3600.0,False,False,True,True,False,True,False,False,False,False,True
FB_145_F02E8ED1,dollar_amount,37936.0,27241.0,False,False,True,True,False,True,False,False,False,False,True
FB_145_F02E8ED1,dollar_amount,7911.0,12066.0,False,True,True,True,False,True,False,False,False,False,False
FB_146_6EE83766,dollar_amount,127741.0,202000.0,True,False,False,False,False,False,False,False,False,False,False
FB_146_6EE83766,dollar_amount,15877.0,19000.0,False,False,True,False,False,True,False,False,False,False,True
FB_146_6EE83766,dollar_amount,12860.0,18000.0,False,True,True,False,False,True,False,False,False,False,False
FB_147_D81E1F94,dollar_amount,214715.0,164000.0,False,False,True,False,False,True,False,False,False,False,True
FB_147_D81E1F94,dollar_amount,212971.0,159000.0,False,False,True,False,False,True,False,False,False,False,True
FB_147_D81E1F94,dollar_amount,50809.0,75000.0,False,False,True,False,False,True,False,False,False,False,True
FB_148_2F878B14,dollar_amount,883.0,1402.0,False,True,True,True,True,True,False,False,False,False,False
FB_148_2F878B14,large_number,32542.0,49308.0,False,False,True,True,False,True,False,False,False,False,True
FB_149_247B6607,dollar_amount,30045.0,24202.0,False,True,True,True,True,True,False,False,False,False,False
FB_149_247B6607,percentage,16.1,4.7,False,True,False,False,False,False,False,False,False,False,False
FB_150_3E3CE551,dollar_amount,14431.0,22165.0,False,True,False,False,False,False,False,False,False,False,False
FB_150_3E3CE551,dollar_amount,347115.0,514405.0,False,True,True,True,False,True,False,False,False,False,False
