hallucination_id,question_id,injection_type,trajectory_either,trajectory_judge,stage1_detected,stage4_detected,category,category_judge
FB_001_F18BFC11_H2,FB_001_F18BFC11,dollar_amount,"(np.int64(1), np.int64(1), np.int64(1), np.int64(1))","(np.int64(1), np.int64(1), np.int64(0), np.int64(0))",1,1,Always Detected,Full Decay (caught→missed)
FB_001_F18BFC11_H1,FB_001_F18BFC11,dollar_amount,"(np.int64(1), np.int64(1), np.int64(1), np.int64(1))","(np.int64(1), np.int64(1), np.int64(0), np.int64(0))",1,1,Always Detected,Full Decay (caught→missed)
FB_002_42BE1D74_H2,FB_002_42BE1D74,dollar_amount,"(np.int64(1), np.int64(1), np.int64(1), np.int64(1))","(np.int64(1), np.int64(1), np.int64(0), np.int64(1))",1,1,Always Detected,Partially Detected (caught at end)
FB_002_42BE1D74_H1,FB_002_42BE1D74,dollar_amount,"(np.int64(1), np.int64(1), np.int64(0), np.int64(1))","(np.int64(1), np.int64(1), np.int64(0), np.int64(0))",1,1,Partially Detected (caught at end),Full Decay (caught→missed)
FB_003_959AE4F2_H3,FB_003_959AE4F2,dollar_amount,"(np.int64(1), np.int64(1), np.int64(1), np.int64(1))","(np.int64(1), np.int64(0), np.int64(0), np.int64(0))",1,1,Always Detected,Full Decay (caught→missed)
FB_003_959AE4F2_H2,FB_003_959AE4F2,dollar_amount,"(np.int64(1), np.int64(1), np.int64(1), np.int64(1))","(np.int64(0), np.int64(0), np.int64(0), np.int64(0))",1,1,Always Detected,Never Detected
FB_003_959AE4F2_H1,FB_003_959AE4F2,dollar_amount,"(np.int64(1), np.int64(1), np.int64(1), np.int64(1))","(np.int64(1), np.int64(1), np.int64(0), np.int64(1))",1,1,Always Detected,Partially Detected (caught at end)
FB_004_FF1B8BC2_H3,FB_004_FF1B8BC2,dollar_amount,"(np.int64(1), np.int64(0), np.int64(0), np.int64(0))","(np.int64(1), np.int64(0), np.int64(0), np.int64(0))",1,0,Full Decay (caught→missed),Full Decay (caught→missed)
FB_004_FF1B8BC2_H2,FB_004_FF1B8BC2,dollar_amount,"(np.int64(1), np.int64(1), np.int64(1), np.int64(1))","(np.int64(1), np.int64(1), np.int64(1), np.int64(0))",1,1,Always Detected,Full Decay (caught→missed)
FB_004_FF1B8BC2_H1,FB_004_FF1B8BC2,dollar_amount,"(np.int64(1), np.int64(1), np.int64(1), np.int64(1))","(np.int64(1), np.int64(1), np.int64(1), np.int64(1))",1,1,Always Detected,Always Detected
FB_005_FE85BE68_H2,FB_005_FE85BE68,dollar_amount,"(np.int64(0), np.int64(1), np.int64(1), np.int64(1))","(np.int64(0), np.int64(0), np.int64(1), np.int64(1))",0,1,Late Detection,Late Detection
FB_005_FE85BE68_H1,FB_005_FE85BE68,dollar_amount,"(np.int64(1), np.int64(1), np.int64(1), np.int64(1))","(np.int64(0), np.int64(0), np.int64(1), np.int64(1))",1,1,Always Detected,Late Detection
FB_006_A4622E06_H2,FB_006_A4622E06,dollar_amount,"(np.int64(1), np.int64(1), np.int64(1), np.int64(1))","(np.int64(1), np.int64(1), np.int64(1), np.int64(1))",1,1,Always Detected,Always Detected
FB_006_A4622E06_H1,FB_006_A4622E06,dollar_amount,"(np.int64(1), np.int64(1), np.int64(0), np.int64(0))","(np.int64(0), np.int64(0), np.int64(0), np.int64(0))",1,0,Full Decay (caught→missed),Never Detected
FB_007_31B558AC_H3,FB_007_31B558AC,dollar_amount,"(np.int64(1), np.int64(0), np.int64(0), np.int64(1))","(np.int64(1), np.int64(0), np.int64(0), np.int64(1))",1,1,Partially Detected (caught at end),Partially Detected (caught at end)
FB_007_31B558AC_H2,FB_007_31B558AC,percentage,"(np.int64(0), np.int64(0), np.int64(0), np.int64(1))","(np.int64(0), np.int64(0), np.int64(0), np.int64(1))",0,1,Late Detection,Late Detection
FB_007_31B558AC_H1,FB_007_31B558AC,percentage,"(np.int64(1), np.int64(1), np.int64(1), np.int64(1))","(np.int64(0), np.int64(0), np.int64(0), np.int64(1))",1,1,Always Detected,Late Detection
FB_008_77FDE37A_H3,FB_008_77FDE37A,dollar_amount,"(np.int64(1), np.int64(1), np.int64(1), np.int64(1))","(np.int64(0), np.int64(0), np.int64(1), np.int64(1))",1,1,Always Detected,Late Detection
FB_008_77FDE37A_H2,FB_008_77FDE37A,dollar_amount,"(np.int64(1), np.int64(1), np.int64(1), np.int64(1))","(np.int64(1), np.int64(0), np.int64(1), np.int64(1))",1,1,Always Detected,Partially Detected (caught at end)
FB_008_77FDE37A_H1,FB_008_77FDE37A,dollar_amount,"(np.int64(1), np.int64(1), np.int64(1), np.int64(1))","(np.int64(1), np.int64(0), np.int64(1), np.int64(1))",1,1,Always Detected,Partially Detected (caught at end)
FB_009_ABDB2F6B_H2,FB_009_ABDB2F6B,dollar_amount,"(np.int64(1), np.int64(1), np.int64(1), np.int64(1))","(np.int64(1), np.int64(1), np.int64(1), np.int64(1))",1,1,Always Detected,Always Detected
FB_009_ABDB2F6B_H1,FB_009_ABDB2F6B,dollar_amount,"(np.int64(1), np.int64(0), np.int64(0), np.int64(0))","(np.int64(1), np.int64(0), np.int64(0), np.int64(0))",1,0,Full Decay (caught→missed),Full Decay (caught→missed)
FB_010_CBE1B721_H2,FB_010_CBE1B721,percentage,"(np.int64(1), np.int64(0), np.int64(1), np.int64(0))","(np.int64(1), np.int64(0), np.int64(1), np.int64(0))",1,0,Full Decay (caught→missed),Full Decay (caught→missed)
FB_010_CBE1B721_H1,FB_010_CBE1B721,percentage,"(np.int64(1), np.int64(1), np.int64(1), np.int64(1))","(np.int64(1), np.int64(0), np.int64(1), np.int64(1))",1,1,Always Detected,Partially Detected (caught at end)
FB_011_F50BA584_H2,FB_011_F50BA584,dollar_amount,"(np.int64(1), np.int64(1), np.int64(1), np.int64(1))","(np.int64(1), np.int64(1), np.int64(0), np.int64(0))",1,1,Always Detected,Full Decay (caught→missed)
FB_011_F50BA584_H1,FB_011_F50BA584,dollar_amount,"(np.int64(1), np.int64(1), np.int64(1), np.int64(1))","(np.int64(1), np.int64(1), np.int64(0), np.int64(0))",1,1,Always Detected,Full Decay (caught→missed)
FB_012_41487F3A_H2,FB_012_41487F3A,dollar_amount,"(np.int64(1), np.int64(1), np.int64(1), np.int64(1))","(np.int64(1), np.int64(0), np.int64(1), np.int64(1))",1,1,Always Detected,Partially Detected (caught at end)
FB_012_41487F3A_H1,FB_012_41487F3A,percentage,"(np.int64(1), np.int64(0), np.int64(0), np.int64(0))","(np.int64(1), np.int64(0), np.int64(0), np.int64(0))",1,0,Full Decay (caught→missed),Full Decay (caught→missed)
FB_013_E5C83D85_H2,FB_013_E5C83D85,dollar_amount,"(np.int64(1), np.int64(1), np.int64(1), np.int64(1))","(np.int64(0), np.int64(1), np.int64(1), np.int64(0))",1,1,Always Detected,Partial Decay
FB_013_E5C83D85_H1,FB_013_E5C83D85,dollar_amount,"(np.int64(1), np.int64(1), np.int64(1), np.int64(1))","(np.int64(1), np.int64(1), np.int64(1), np.int64(1))",1,1,Always Detected,Always Detected
FB_014_3C2ED91D_H2,FB_014_3C2ED91D,percentage,"(np.int64(1), np.int64(1), np.int64(1), np.int64(1))","(np.int64(1), np.int64(1), np.int64(1), np.int64(0))",1,1,Always Detected,Full Decay (caught→missed)
FB_014_3C2ED91D_H1,FB_014_3C2ED91D,dollar_amount,"(np.int64(1), np.int64(1), np.int64(1), np.int64(1))","(np.int64(1), np.int64(0), np.int64(1), np.int64(1))",1,1,Always Detected,Partially Detected (caught at end)
FB_015_5E139DB3_H2,FB_015_5E139DB3,dollar_amount,"(np.int64(1), np.int64(1), np.int64(1), np.int64(1))","(np.int64(1), np.int64(0), np.int64(1), np.int64(0))",1,1,Always Detected,Full Decay (caught→missed)
FB_015_5E139DB3_H1,FB_015_5E139DB3,dollar_amount,"(np.int64(1), np.int64(1), np.int64(1), np.int64(1))","(np.int64(0), np.int64(0), np.int64(0), np.int64(0))",1,1,Always Detected,Never Detected
FB_017_4ABE7642_H3,FB_017_4ABE7642,dollar_amount,"(np.int64(1), np.int64(1), np.int64(1), np.int64(1))","(np.int64(1), np.int64(1), np.int64(1), np.int64(1))",1,1,Always Detected,Always Detected
FB_017_4ABE7642_H2,FB_017_4ABE7642,dollar_amount,"(np.int64(1), np.int64(1), np.int64(0), np.int64(0))","(np.int64(0), np.int64(1), np.int64(0), np.int64(0))",1,0,Full Decay (caught→missed),Partial Decay
FB_017_4ABE7642_H1,FB_017_4ABE7642,dollar_amount,"(np.int64(1), np.int64(1), np.int64(1), np.int64(1))","(np.int64(1), np.int64(0), np.int64(0), np.int64(0))",1,1,Always Detected,Full Decay (caught→missed)
FB_018_6E9F56BB_H2,FB_018_6E9F56BB,dollar_amount,"(np.int64(1), np.int64(1), np.int64(1), np.int64(1))","(np.int64(1), np.int64(1), np.int64(1), np.int64(1))",1,1,Always Detected,Always Detected
FB_018_6E9F56BB_H1,FB_018_6E9F56BB,dollar_amount,"(np.int64(1), np.int64(1), np.int64(1), np.int64(1))","(np.int64(1), np.int64(1), np.int64(1), np.int64(1))",1,1,Always Detected,Always Detected
FB_019_A187C1CC_H2,FB_019_A187C1CC,dollar_amount,"(np.int64(1), np.int64(1), np.int64(1), np.int64(1))","(np.int64(1), np.int64(1), np.int64(0), np.int64(0))",1,1,Always Detected,Full Decay (caught→missed)
FB_019_A187C1CC_H1,FB_019_A187C1CC,dollar_amount,"(np.int64(1), np.int64(1), np.int64(0), np.int64(0))","(np.int64(1), np.int64(1), np.int64(0), np.int64(0))",1,0,Full Decay (caught→missed),Full Decay (caught→missed)
FB_020_C68C8862_H2,FB_020_C68C8862,dollar_amount,"(np.int64(1), np.int64(1), np.int64(0), np.int64(0))","(np.int64(1), np.int64(1), np.int64(0), np.int64(0))",1,0,Full Decay (caught→missed),Full Decay (caught→missed)
FB_020_C68C8862_H1,FB_020_C68C8862,percentage,"(np.int64(1), np.int64(1), np.int64(1), np.int64(1))","(np.int64(1), np.int64(1), np.int64(1), np.int64(1))",1,1,Always Detected,Always Detected
FB_021_8ECDBFF6_H2,FB_021_8ECDBFF6,dollar_amount,"(np.int64(1), np.int64(1), np.int64(1), np.int64(1))","(np.int64(0), np.int64(1), np.int64(1), np.int64(1))",1,1,Always Detected,Late Detection
FB_021_8ECDBFF6_H1,FB_021_8ECDBFF6,dollar_amount,"(np.int64(1), np.int64(1), np.int64(1), np.int64(1))","(np.int64(0), np.int64(1), np.int64(1), np.int64(1))",1,1,Always Detected,Late Detection
FB_022_466C1ED8_H2,FB_022_466C1ED8,dollar_amount,"(np.int64(1), np.int64(1), np.int64(1), np.int64(1))","(np.int64(1), np.int64(0), np.int64(1), np.int64(1))",1,1,Always Detected,Partially Detected (caught at end)
FB_022_466C1ED8_H1,FB_022_466C1ED8,dollar_amount,"(np.int64(1), np.int64(1), np.int64(1), np.int64(1))","(np.int64(0), np.int64(0), np.int64(1), np.int64(1))",1,1,Always Detected,Late Detection
FB_024_214CEB4C_H3,FB_024_214CEB4C,dollar_amount,"(np.int64(1), np.int64(0), np.int64(0), np.int64(0))","(np.int64(1), np.int64(0), np.int64(0), np.int64(0))",1,0,Full Decay (caught→missed),Full Decay (caught→missed)
FB_024_214CEB4C_H2,FB_024_214CEB4C,dollar_amount,"(np.int64(1), np.int64(0), np.int64(0), np.int64(0))","(np.int64(1), np.int64(0), np.int64(0), np.int64(0))",1,0,Full Decay (caught→missed),Full Decay (caught→missed)
FB_024_214CEB4C_H1,FB_024_214CEB4C,dollar_amount,"(np.int64(1), np.int64(1), np.int64(1), np.int64(1))","(np.int64(0), np.int64(0), np.int64(0), np.int64(1))",1,1,Always Detected,Late Detection
FB_025_E70F40EB_H3,FB_025_E70F40EB,large_number,"(np.int64(1), np.int64(1), np.int64(1), np.int64(1))","(np.int64(1), np.int64(1), np.int64(0), np.int64(1))",1,1,Always Detected,Partially Detected (caught at end)
FB_025_E70F40EB_H2,FB_025_E70F40EB,large_number,"(np.int64(1), np.int64(1), np.int64(1), np.int64(1))","(np.int64(1), np.int64(1), np.int64(1), np.int64(1))",1,1,Always Detected,Always Detected
FB_025_E70F40EB_H1,FB_025_E70F40EB,large_number,"(np.int64(1), np.int64(1), np.int64(0), np.int64(1))","(np.int64(1), np.int64(1), np.int64(0), np.int64(1))",1,1,Partially Detected (caught at end),Partially Detected (caught at end)
FB_027_9BE33B25_H3,FB_027_9BE33B25,percentage,"(np.int64(1), np.int64(1), np.int64(1), np.int64(1))","(np.int64(1), np.int64(1), np.int64(0), np.int64(0))",1,1,Always Detected,Full Decay (caught→missed)
FB_027_9BE33B25_H2,FB_027_9BE33B25,dollar_amount,"(np.int64(1), np.int64(1), np.int64(0), np.int64(0))","(np.int64(0), np.int64(1), np.int64(0), np.int64(0))",1,0,Full Decay (caught→missed),Partial Decay
FB_027_9BE33B25_H1,FB_027_9BE33B25,percentage,"(np.int64(1), np.int64(1), np.int64(1), np.int64(1))","(np.int64(1), np.int64(1), np.int64(0), np.int64(0))",1,1,Always Detected,Full Decay (caught→missed)
FB_028_C84B8000_H2,FB_028_C84B8000,dollar_amount,"(np.int64(1), np.int64(1), np.int64(1), np.int64(1))","(np.int64(1), np.int64(0), np.int64(0), np.int64(1))",1,1,Always Detected,Partially Detected (caught at end)
FB_028_C84B8000_H1,FB_028_C84B8000,dollar_amount,"(np.int64(1), np.int64(1), np.int64(1), np.int64(1))","(np.int64(1), np.int64(1), np.int64(0), np.int64(1))",1,1,Always Detected,Partially Detected (caught at end)
FB_029_CA5B2B49_H2,FB_029_CA5B2B49,dollar_amount,"(np.int64(1), np.int64(1), np.int64(1), np.int64(1))","(np.int64(1), np.int64(0), np.int64(1), np.int64(0))",1,1,Always Detected,Full Decay (caught→missed)
FB_029_CA5B2B49_H1,FB_029_CA5B2B49,dollar_amount,"(np.int64(1), np.int64(1), np.int64(1), np.int64(1))","(np.int64(1), np.int64(1), np.int64(0), np.int64(0))",1,1,Always Detected,Full Decay (caught→missed)
FB_030_DF79B84F_H2,FB_030_DF79B84F,dollar_amount,"(np.int64(1), np.int64(0), np.int64(1), np.int64(0))","(np.int64(1), np.int64(0), np.int64(1), np.int64(0))",1,0,Full Decay (caught→missed),Full Decay (caught→missed)
FB_030_DF79B84F_H1,FB_030_DF79B84F,dollar_amount,"(np.int64(1), np.int64(0), np.int64(1), np.int64(0))","(np.int64(1), np.int64(0), np.int64(1), np.int64(0))",1,0,Full Decay (caught→missed),Full Decay (caught→missed)
FB_031_E5667B37_H3,FB_031_E5667B37,dollar_amount,"(np.int64(1), np.int64(1), np.int64(1), np.int64(1))","(np.int64(1), np.int64(0), np.int64(1), np.int64(1))",1,1,Always Detected,Partially Detected (caught at end)
FB_031_E5667B37_H2,FB_031_E5667B37,dollar_amount,"(np.int64(1), np.int64(1), np.int64(1), np.int64(1))","(np.int64(1), np.int64(1), np.int64(1), np.int64(1))",1,1,Always Detected,Always Detected
FB_031_E5667B37_H1,FB_031_E5667B37,percentage,"(np.int64(1), np.int64(1), np.int64(1), np.int64(1))","(np.int64(1), np.int64(1), np.int64(1), np.int64(1))",1,1,Always Detected,Always Detected
FB_032_D18D6021_H2,FB_032_D18D6021,dollar_amount,"(np.int64(1), np.int64(0), np.int64(1), np.int64(0))","(np.int64(1), np.int64(0), np.int64(1), np.int64(0))",1,0,Full Decay (caught→missed),Full Decay (caught→missed)
FB_032_D18D6021_H1,FB_032_D18D6021,dollar_amount,"(np.int64(1), np.int64(0), np.int64(1), np.int64(0))","(np.int64(1), np.int64(0), np.int64(1), np.int64(0))",1,0,Full Decay (caught→missed),Full Decay (caught→missed)
FB_033_EE9D3CFB_H3,FB_033_EE9D3CFB,dollar_amount,"(np.int64(1), np.int64(1), np.int64(1), np.int64(1))","(np.int64(1), np.int64(1), np.int64(0), np.int64(1))",1,1,Always Detected,Partially Detected (caught at end)
FB_033_EE9D3CFB_H2,FB_033_EE9D3CFB,dollar_amount,"(np.int64(1), np.int64(1), np.int64(0), np.int64(0))","(np.int64(1), np.int64(1), np.int64(0), np.int64(0))",1,0,Full Decay (caught→missed),Full Decay (caught→missed)
FB_033_EE9D3CFB_H1,FB_033_EE9D3CFB,dollar_amount,"(np.int64(1), np.int64(1), np.int64(0), np.int64(0))","(np.int64(1), np.int64(1), np.int64(0), np.int64(0))",1,0,Full Decay (caught→missed),Full Decay (caught→missed)
FB_034_BDBAA961_H3,FB_034_BDBAA961,dollar_amount,"(np.int64(1), np.int64(1), np.int64(1), np.int64(1))","(np.int64(0), np.int64(1), np.int64(1), np.int64(0))",1,1,Always Detected,Partial Decay
FB_034_BDBAA961_H2,FB_034_BDBAA961,percentage,"(np.int64(1), np.int64(0), np.int64(0), np.int64(0))","(np.int64(1), np.int64(0), np.int64(0), np.int64(0))",1,0,Full Decay (caught→missed),Full Decay (caught→missed)
FB_034_BDBAA961_H1,FB_034_BDBAA961,dollar_amount,"(np.int64(1), np.int64(0), np.int64(0), np.int64(0))","(np.int64(1), np.int64(0), np.int64(0), np.int64(0))",1,0,Full Decay (caught→missed),Full Decay (caught→missed)
FB_035_15E1E864_H3,FB_035_15E1E864,percentage,"(np.int64(1), np.int64(1), np.int64(1), np.int64(1))","(np.int64(1), np.int64(0), np.int64(1), np.int64(1))",1,1,Always Detected,Partially Detected (caught at end)
FB_035_15E1E864_H2,FB_035_15E1E864,large_number,"(np.int64(1), np.int64(1), np.int64(1), np.int64(1))","(np.int64(1), np.int64(1), np.int64(1), np.int64(0))",1,1,Always Detected,Full Decay (caught→missed)
FB_035_15E1E864_H1,FB_035_15E1E864,large_number,"(np.int64(1), np.int64(1), np.int64(1), np.int64(1))","(np.int64(1), np.int64(1), np.int64(1), np.int64(0))",1,1,Always Detected,Full Decay (caught→missed)
FB_036_47FD0B96_H2,FB_036_47FD0B96,large_number,"(np.int64(1), np.int64(1), np.int64(1), np.int64(1))","(np.int64(1), np.int64(1), np.int64(1), np.int64(1))",1,1,Always Detected,Always Detected
FB_036_47FD0B96_H1,FB_036_47FD0B96,large_number,"(np.int64(1), np.int64(1), np.int64(1), np.int64(1))","(np.int64(1), np.int64(1), np.int64(1), np.int64(1))",1,1,Always Detected,Always Detected
FB_037_CB0A4D6D_H3,FB_037_CB0A4D6D,dollar_amount,"(np.int64(1), np.int64(0), np.int64(0), np.int64(1))","(np.int64(1), np.int64(0), np.int64(0), np.int64(1))",1,1,Partially Detected (caught at end),Partially Detected (caught at end)
FB_037_CB0A4D6D_H2,FB_037_CB0A4D6D,dollar_amount,"(np.int64(1), np.int64(0), np.int64(0), np.int64(1))","(np.int64(1), np.int64(0), np.int64(0), np.int64(1))",1,1,Partially Detected (caught at end),Partially Detected (caught at end)
FB_037_CB0A4D6D_H1,FB_037_CB0A4D6D,dollar_amount,"(np.int64(1), np.int64(0), np.int64(0), np.int64(1))","(np.int64(1), np.int64(0), np.int64(0), np.int64(1))",1,1,Partially Detected (caught at end),Partially Detected (caught at end)
FB_038_9BAA83E2_H2,FB_038_9BAA83E2,dollar_amount,"(np.int64(1), np.int64(1), np.int64(1), np.int64(1))","(np.int64(0), np.int64(1), np.int64(1), np.int64(1))",1,1,Always Detected,Late Detection
FB_038_9BAA83E2_H1,FB_038_9BAA83E2,percentage,"(np.int64(1), np.int64(1), np.int64(1), np.int64(1))","(np.int64(1), np.int64(1), np.int64(1), np.int64(0))",1,1,Always Detected,Full Decay (caught→missed)
FB_039_FDBB6DC2_H3,FB_039_FDBB6DC2,dollar_amount,"(np.int64(1), np.int64(1), np.int64(1), np.int64(1))","(np.int64(0), np.int64(1), np.int64(0), np.int64(0))",1,1,Always Detected,Partial Decay
FB_039_FDBB6DC2_H2,FB_039_FDBB6DC2,percentage,"(np.int64(1), np.int64(1), np.int64(1), np.int64(1))","(np.int64(1), np.int64(1), np.int64(0), np.int64(0))",1,1,Always Detected,Full Decay (caught→missed)
FB_039_FDBB6DC2_H1,FB_039_FDBB6DC2,dollar_amount,"(np.int64(1), np.int64(1), np.int64(1), np.int64(1))","(np.int64(0), np.int64(1), np.int64(1), np.int64(1))",1,1,Always Detected,Late Detection
FB_040_DBF8FC6A_H2,FB_040_DBF8FC6A,dollar_amount,"(np.int64(1), np.int64(1), np.int64(1), np.int64(1))","(np.int64(0), np.int64(1), np.int64(1), np.int64(1))",1,1,Always Detected,Late Detection
FB_040_DBF8FC6A_H1,FB_040_DBF8FC6A,percentage,"(np.int64(1), np.int64(1), np.int64(1), np.int64(1))","(np.int64(1), np.int64(1), np.int64(1), np.int64(1))",1,1,Always Detected,Always Detected
FB_041_EB5B1B78_H3,FB_041_EB5B1B78,dollar_amount,"(np.int64(1), np.int64(1), np.int64(1), np.int64(1))","(np.int64(1), np.int64(1), np.int64(1), np.int64(1))",1,1,Always Detected,Always Detected
FB_041_EB5B1B78_H2,FB_041_EB5B1B78,dollar_amount,"(np.int64(1), np.int64(0), np.int64(0), np.int64(0))","(np.int64(1), np.int64(0), np.int64(0), np.int64(0))",1,0,Full Decay (caught→missed),Full Decay (caught→missed)
FB_041_EB5B1B78_H1,FB_041_EB5B1B78,dollar_amount,"(np.int64(1), np.int64(1), np.int64(1), np.int64(1))","(np.int64(1), np.int64(1), np.int64(1), np.int64(0))",1,1,Always Detected,Full Decay (caught→missed)
FB_042_1741E456_H2,FB_042_1741E456,dollar_amount,"(np.int64(1), np.int64(1), np.int64(1), np.int64(1))","(np.int64(1), np.int64(0), np.int64(0), np.int64(1))",1,1,Always Detected,Partially Detected (caught at end)
FB_042_1741E456_H1,FB_042_1741E456,dollar_amount,"(np.int64(1), np.int64(1), np.int64(1), np.int64(1))","(np.int64(1), np.int64(0), np.int64(0), np.int64(1))",1,1,Always Detected,Partially Detected (caught at end)
FB_043_1BA81F6A_H3,FB_043_1BA81F6A,percentage,"(np.int64(1), np.int64(1), np.int64(1), np.int64(1))","(np.int64(1), np.int64(1), np.int64(1), np.int64(1))",1,1,Always Detected,Always Detected
FB_043_1BA81F6A_H2,FB_043_1BA81F6A,dollar_amount,"(np.int64(1), np.int64(0), np.int64(0), np.int64(0))","(np.int64(1), np.int64(0), np.int64(0), np.int64(0))",1,0,Full Decay (caught→missed),Full Decay (caught→missed)
FB_043_1BA81F6A_H1,FB_043_1BA81F6A,percentage,"(np.int64(1), np.int64(1), np.int64(1), np.int64(1))","(np.int64(1), np.int64(0), np.int64(0), np.int64(1))",1,1,Always Detected,Partially Detected (caught at end)
FB_044_899DEDA7_H3,FB_044_899DEDA7,dollar_amount,"(np.int64(1), np.int64(1), np.int64(1), np.int64(1))","(np.int64(0), np.int64(1), np.int64(1), np.int64(1))",1,1,Always Detected,Late Detection
FB_044_899DEDA7_H2,FB_044_899DEDA7,dollar_amount,"(np.int64(1), np.int64(1), np.int64(1), np.int64(1))","(np.int64(1), np.int64(1), np.int64(1), np.int64(1))",1,1,Always Detected,Always Detected
FB_044_899DEDA7_H1,FB_044_899DEDA7,dollar_amount,"(np.int64(1), np.int64(1), np.int64(0), np.int64(0))","(np.int64(1), np.int64(1), np.int64(0), np.int64(0))",1,0,Full Decay (caught→missed),Full Decay (caught→missed)
FB_045_3960FE69_H2,FB_045_3960FE69,percentage,"(np.int64(1), np.int64(1), np.int64(1), np.int64(1))","(np.int64(1), np.int64(1), np.int64(1), np.int64(1))",1,1,Always Detected,Always Detected
FB_045_3960FE69_H1,FB_045_3960FE69,percentage,"(np.int64(1), np.int64(1), np.int64(1), np.int64(1))","(np.int64(1), np.int64(1), np.int64(1), np.int64(1))",1,1,Always Detected,Always Detected
FB_046_E323A993_H2,FB_046_E323A993,dollar_amount,"(np.int64(1), np.int64(1), np.int64(1), np.int64(1))","(np.int64(1), np.int64(1), np.int64(0), np.int64(1))",1,1,Always Detected,Partially Detected (caught at end)
FB_046_E323A993_H1,FB_046_E323A993,dollar_amount,"(np.int64(1), np.int64(1), np.int64(1), np.int64(1))","(np.int64(0), np.int64(1), np.int64(1), np.int64(1))",1,1,Always Detected,Late Detection
FB_047_A9C061FE_H3,FB_047_A9C061FE,dollar_amount,"(np.int64(1), np.int64(1), np.int64(1), np.int64(1))","(np.int64(1), np.int64(1), np.int64(1), np.int64(1))",1,1,Always Detected,Always Detected
FB_047_A9C061FE_H2,FB_047_A9C061FE,dollar_amount,"(np.int64(1), np.int64(1), np.int64(1), np.int64(1))","(np.int64(0), np.int64(1), np.int64(1), np.int64(1))",1,1,Always Detected,Late Detection
FB_047_A9C061FE_H1,FB_047_A9C061FE,dollar_amount,"(np.int64(1), np.int64(1), np.int64(1), np.int64(1))","(np.int64(0), np.int64(1), np.int64(1), np.int64(1))",1,1,Always Detected,Late Detection
FB_048_79F71CE3_H3,FB_048_79F71CE3,dollar_amount,"(np.int64(1), np.int64(1), np.int64(1), np.int64(1))","(np.int64(0), np.int64(0), np.int64(0), np.int64(0))",1,1,Always Detected,Never Detected
FB_048_79F71CE3_H2,FB_048_79F71CE3,dollar_amount,"(np.int64(1), np.int64(1), np.int64(1), np.int64(1))","(np.int64(1), np.int64(1), np.int64(0), np.int64(1))",1,1,Always Detected,Partially Detected (caught at end)
FB_048_79F71CE3_H1,FB_048_79F71CE3,dollar_amount,"(np.int64(1), np.int64(1), np.int64(0), np.int64(0))","(np.int64(1), np.int64(1), np.int64(0), np.int64(0))",1,0,Full Decay (caught→missed),Full Decay (caught→missed)
FB_049_4416C718_H3,FB_049_4416C718,dollar_amount,"(np.int64(1), np.int64(1), np.int64(1), np.int64(1))","(np.int64(1), np.int64(1), np.int64(0), np.int64(0))",1,1,Always Detected,Full Decay (caught→missed)
FB_049_4416C718_H2,FB_049_4416C718,percentage,"(np.int64(1), np.int64(1), np.int64(1), np.int64(1))","(np.int64(1), np.int64(1), np.int64(1), np.int64(1))",1,1,Always Detected,Always Detected
FB_049_4416C718_H1,FB_049_4416C718,percentage,"(np.int64(1), np.int64(1), np.int64(1), np.int64(1))","(np.int64(1), np.int64(1), np.int64(1), np.int64(1))",1,1,Always Detected,Always Detected
FB_050_A0B82AEA_H2,FB_050_A0B82AEA,dollar_amount,"(np.int64(1), np.int64(1), np.int64(1), np.int64(1))","(np.int64(1), np.int64(1), np.int64(1), np.int64(1))",1,1,Always Detected,Always Detected
FB_050_A0B82AEA_H1,FB_050_A0B82AEA,dollar_amount,"(np.int64(1), np.int64(1), np.int64(1), np.int64(1))","(np.int64(1), np.int64(1), np.int64(1), np.int64(1))",1,1,Always Detected,Always Detected
FB_051_091D46D5_H3,FB_051_091D46D5,dollar_amount,"(np.int64(1), np.int64(0), np.int64(0), np.int64(0))","(np.int64(1), np.int64(0), np.int64(0), np.int64(0))",1,0,Full Decay (caught→missed),Full Decay (caught→missed)
FB_051_091D46D5_H2,FB_051_091D46D5,dollar_amount,"(np.int64(1), np.int64(0), np.int64(0), np.int64(0))","(np.int64(1), np.int64(0), np.int64(0), np.int64(0))",1,0,Full Decay (caught→missed),Full Decay (caught→missed)
FB_051_091D46D5_H1,FB_051_091D46D5,percentage,"(np.int64(1), np.int64(0), np.int64(0), np.int64(0))","(np.int64(1), np.int64(0), np.int64(0), np.int64(0))",1,0,Full Decay (caught→missed),Full Decay (caught→missed)
FB_052_FC76DF78_H3,FB_052_FC76DF78,large_number,"(np.int64(1), np.int64(1), np.int64(1), np.int64(1))","(np.int64(1), np.int64(1), np.int64(1), np.int64(1))",1,1,Always Detected,Always Detected
FB_052_FC76DF78_H2,FB_052_FC76DF78,large_number,"(np.int64(1), np.int64(1), np.int64(1), np.int64(1))","(np.int64(1), np.int64(1), np.int64(1), np.int64(1))",1,1,Always Detected,Always Detected
FB_052_FC76DF78_H1,FB_052_FC76DF78,large_number,"(np.int64(1), np.int64(1), np.int64(1), np.int64(1))","(np.int64(1), np.int64(1), np.int64(1), np.int64(1))",1,1,Always Detected,Always Detected
FB_053_05E755A5_H3,FB_053_05E755A5,dollar_amount,"(np.int64(1), np.int64(1), np.int64(1), np.int64(1))","(np.int64(1), np.int64(1), np.int64(0), np.int64(1))",1,1,Always Detected,Partially Detected (caught at end)
FB_053_05E755A5_H2,FB_053_05E755A5,large_number,"(np.int64(1), np.int64(1), np.int64(1), np.int64(1))","(np.int64(0), np.int64(1), np.int64(1), np.int64(1))",1,1,Always Detected,Late Detection
FB_053_05E755A5_H1,FB_053_05E755A5,large_number,"(np.int64(0), np.int64(1), np.int64(1), np.int64(1))","(np.int64(0), np.int64(1), np.int64(1), np.int64(1))",0,1,Late Detection,Late Detection
FB_054_F1BBC565_H3,FB_054_F1BBC565,dollar_amount,"(np.int64(1), np.int64(1), np.int64(1), np.int64(1))","(np.int64(1), np.int64(1), np.int64(1), np.int64(1))",1,1,Always Detected,Always Detected
FB_054_F1BBC565_H2,FB_054_F1BBC565,dollar_amount,"(np.int64(1), np.int64(1), np.int64(1), np.int64(1))","(np.int64(0), np.int64(1), np.int64(1), np.int64(1))",1,1,Always Detected,Late Detection
FB_054_F1BBC565_H1,FB_054_F1BBC565,dollar_amount,"(np.int64(1), np.int64(1), np.int64(0), np.int64(0))","(np.int64(1), np.int64(1), np.int64(0), np.int64(0))",1,0,Full Decay (caught→missed),Full Decay (caught→missed)
FB_055_B75D0172_H3,FB_055_B75D0172,large_number,"(np.int64(1), np.int64(1), np.int64(0), np.int64(0))","(np.int64(1), np.int64(1), np.int64(0), np.int64(0))",1,0,Full Decay (caught→missed),Full Decay (caught→missed)
FB_055_B75D0172_H2,FB_055_B75D0172,large_number,"(np.int64(1), np.int64(1), np.int64(0), np.int64(0))","(np.int64(1), np.int64(1), np.int64(0), np.int64(0))",1,0,Full Decay (caught→missed),Full Decay (caught→missed)
FB_055_B75D0172_H1,FB_055_B75D0172,large_number,"(np.int64(1), np.int64(1), np.int64(1), np.int64(1))","(np.int64(1), np.int64(1), np.int64(1), np.int64(1))",1,1,Always Detected,Always Detected
FB_056_E46FAB20_H3,FB_056_E46FAB20,dollar_amount,"(np.int64(1), np.int64(0), np.int64(0), np.int64(0))","(np.int64(1), np.int64(0), np.int64(0), np.int64(0))",1,0,Full Decay (caught→missed),Full Decay (caught→missed)
FB_056_E46FAB20_H2,FB_056_E46FAB20,dollar_amount,"(np.int64(1), np.int64(1), np.int64(1), np.int64(1))","(np.int64(1), np.int64(0), np.int64(0), np.int64(0))",1,1,Always Detected,Full Decay (caught→missed)
FB_056_E46FAB20_H1,FB_056_E46FAB20,dollar_amount,"(np.int64(0), np.int64(1), np.int64(0), np.int64(0))","(np.int64(0), np.int64(1), np.int64(0), np.int64(0))",0,0,Partial Decay,Partial Decay
FB_057_2D006C3F_H3,FB_057_2D006C3F,dollar_amount,"(np.int64(1), np.int64(0), np.int64(0), np.int64(0))","(np.int64(1), np.int64(0), np.int64(0), np.int64(0))",1,0,Full Decay (caught→missed),Full Decay (caught→missed)
FB_057_2D006C3F_H2,FB_057_2D006C3F,dollar_amount,"(np.int64(1), np.int64(1), np.int64(1), np.int64(1))","(np.int64(0), np.int64(1), np.int64(1), np.int64(0))",1,1,Always Detected,Partial Decay
FB_057_2D006C3F_H1,FB_057_2D006C3F,dollar_amount,"(np.int64(1), np.int64(0), np.int64(1), np.int64(1))","(np.int64(0), np.int64(0), np.int64(0), np.int64(0))",1,1,Partially Detected (caught at end),Never Detected
FB_058_4FC4F0E9_H3,FB_058_4FC4F0E9,dollar_amount,"(np.int64(1), np.int64(1), np.int64(1), np.int64(1))","(np.int64(1), np.int64(1), np.int64(1), np.int64(1))",1,1,Always Detected,Always Detected
FB_058_4FC4F0E9_H2,FB_058_4FC4F0E9,percentage,"(np.int64(1), np.int64(1), np.int64(1), np.int64(1))","(np.int64(1), np.int64(1), np.int64(1), np.int64(1))",1,1,Always Detected,Always Detected
FB_058_4FC4F0E9_H1,FB_058_4FC4F0E9,dollar_amount,"(np.int64(1), np.int64(1), np.int64(0), np.int64(0))","(np.int64(1), np.int64(0), np.int64(0), np.int64(0))",1,0,Full Decay (caught→missed),Full Decay (caught→missed)
FB_060_D8048F85_H2,FB_060_D8048F85,dollar_amount,"(np.int64(1), np.int64(1), np.int64(1), np.int64(1))","(np.int64(1), np.int64(1), np.int64(1), np.int64(1))",1,1,Always Detected,Always Detected
FB_060_D8048F85_H1,FB_060_D8048F85,dollar_amount,"(np.int64(1), np.int64(1), np.int64(1), np.int64(1))","(np.int64(1), np.int64(1), np.int64(1), np.int64(1))",1,1,Always Detected,Always Detected
FB_061_B30537F0_H3,FB_061_B30537F0,dollar_amount,"(np.int64(1), np.int64(1), np.int64(1), np.int64(1))","(np.int64(0), np.int64(1), np.int64(0), np.int64(0))",1,1,Always Detected,Partial Decay
FB_061_B30537F0_H2,FB_061_B30537F0,dollar_amount,"(np.int64(1), np.int64(0), np.int64(0), np.int64(0))","(np.int64(1), np.int64(0), np.int64(0), np.int64(0))",1,0,Full Decay (caught→missed),Full Decay (caught→missed)
FB_061_B30537F0_H1,FB_061_B30537F0,percentage,"(np.int64(1), np.int64(1), np.int64(1), np.int64(1))","(np.int64(1), np.int64(0), np.int64(1), np.int64(1))",1,1,Always Detected,Partially Detected (caught at end)
FB_062_CCEDD88C_H1,FB_062_CCEDD88C,dollar_amount,"(np.int64(1), np.int64(1), np.int64(1), np.int64(1))","(np.int64(1), np.int64(1), np.int64(1), np.int64(1))",1,1,Always Detected,Always Detected
FB_063_38B981AD_H2,FB_063_38B981AD,percentage,"(np.int64(1), np.int64(1), np.int64(0), np.int64(0))","(np.int64(1), np.int64(0), np.int64(0), np.int64(0))",1,0,Full Decay (caught→missed),Full Decay (caught→missed)
FB_063_38B981AD_H1,FB_063_38B981AD,dollar_amount,"(np.int64(1), np.int64(0), np.int64(0), np.int64(0))","(np.int64(1), np.int64(0), np.int64(0), np.int64(0))",1,0,Full Decay (caught→missed),Full Decay (caught→missed)
FB_064_7576A9AF_H3,FB_064_7576A9AF,dollar_amount,"(np.int64(1), np.int64(1), np.int64(1), np.int64(1))","(np.int64(0), np.int64(1), np.int64(1), np.int64(1))",1,1,Always Detected,Late Detection
FB_064_7576A9AF_H2,FB_064_7576A9AF,dollar_amount,"(np.int64(1), np.int64(1), np.int64(1), np.int64(1))","(np.int64(0), np.int64(1), np.int64(1), np.int64(1))",1,1,Always Detected,Late Detection
FB_064_7576A9AF_H1,FB_064_7576A9AF,dollar_amount,"(np.int64(1), np.int64(1), np.int64(1), np.int64(1))","(np.int64(0), np.int64(1), np.int64(1), np.int64(0))",1,1,Always Detected,Partial Decay
FB_065_8F3B2425_H3,FB_065_8F3B2425,dollar_amount,"(np.int64(1), np.int64(1), np.int64(0), np.int64(0))","(np.int64(1), np.int64(1), np.int64(0), np.int64(0))",1,0,Full Decay (caught→missed),Full Decay (caught→missed)
FB_065_8F3B2425_H2,FB_065_8F3B2425,dollar_amount,"(np.int64(1), np.int64(1), np.int64(1), np.int64(1))","(np.int64(1), np.int64(0), np.int64(0), np.int64(1))",1,1,Always Detected,Partially Detected (caught at end)
FB_065_8F3B2425_H1,FB_065_8F3B2425,dollar_amount,"(np.int64(1), np.int64(1), np.int64(1), np.int64(1))","(np.int64(1), np.int64(0), np.int64(1), np.int64(1))",1,1,Always Detected,Partially Detected (caught at end)
FB_067_92C7D508_H3,FB_067_92C7D508,percentage,"(np.int64(1), np.int64(1), np.int64(1), np.int64(1))","(np.int64(1), np.int64(0), np.int64(0), np.int64(0))",1,1,Always Detected,Full Decay (caught→missed)
FB_067_92C7D508_H2,FB_067_92C7D508,dollar_amount,"(np.int64(1), np.int64(1), np.int64(1), np.int64(1))","(np.int64(0), np.int64(0), np.int64(0), np.int64(0))",1,1,Always Detected,Never Detected
FB_067_92C7D508_H1,FB_067_92C7D508,dollar_amount,"(np.int64(1), np.int64(1), np.int64(1), np.int64(1))","(np.int64(0), np.int64(1), np.int64(0), np.int64(0))",1,1,Always Detected,Partial Decay
FB_068_46FFC913_H2,FB_068_46FFC913,dollar_amount,"(np.int64(1), np.int64(1), np.int64(0), np.int64(1))","(np.int64(1), np.int64(1), np.int64(0), np.int64(1))",1,1,Partially Detected (caught at end),Partially Detected (caught at end)
FB_068_46FFC913_H1,FB_068_46FFC913,percentage,"(np.int64(1), np.int64(1), np.int64(1), np.int64(0))","(np.int64(1), np.int64(1), np.int64(1), np.int64(0))",1,0,Full Decay (caught→missed),Full Decay (caught→missed)
FB_069_15B93D82_H2,FB_069_15B93D82,percentage,"(np.int64(1), np.int64(1), np.int64(1), np.int64(1))","(np.int64(1), np.int64(1), np.int64(1), np.int64(1))",1,1,Always Detected,Always Detected
FB_069_15B93D82_H1,FB_069_15B93D82,dollar_amount,"(np.int64(1), np.int64(1), np.int64(1), np.int64(1))","(np.int64(1), np.int64(1), np.int64(1), np.int64(0))",1,1,Always Detected,Full Decay (caught→missed)
FB_070_4418F850_H3,FB_070_4418F850,dollar_amount,"(np.int64(1), np.int64(1), np.int64(0), np.int64(0))","(np.int64(1), np.int64(1), np.int64(0), np.int64(0))",1,0,Full Decay (caught→missed),Full Decay (caught→missed)
FB_070_4418F850_H2,FB_070_4418F850,dollar_amount,"(np.int64(1), np.int64(1), np.int64(1), np.int64(1))","(np.int64(1), np.int64(0), np.int64(0), np.int64(0))",1,1,Always Detected,Full Decay (caught→missed)
FB_070_4418F850_H1,FB_070_4418F850,dollar_amount,"(np.int64(1), np.int64(1), np.int64(1), np.int64(1))","(np.int64(1), np.int64(0), np.int64(0), np.int64(0))",1,1,Always Detected,Full Decay (caught→missed)
FB_071_0CB99E74_H3,FB_071_0CB99E74,dollar_amount,"(np.int64(1), np.int64(1), np.int64(0), np.int64(0))","(np.int64(1), np.int64(0), np.int64(0), np.int64(0))",1,0,Full Decay (caught→missed),Full Decay (caught→missed)
FB_071_0CB99E74_H2,FB_071_0CB99E74,dollar_amount,"(np.int64(1), np.int64(0), np.int64(0), np.int64(0))","(np.int64(1), np.int64(0), np.int64(0), np.int64(0))",1,0,Full Decay (caught→missed),Full Decay (caught→missed)
FB_071_0CB99E74_H1,FB_071_0CB99E74,dollar_amount,"(np.int64(1), np.int64(1), np.int64(0), np.int64(1))","(np.int64(1), np.int64(0), np.int64(0), np.int64(1))",1,1,Partially Detected (caught at end),Partially Detected (caught at end)
FB_072_05A484DC_H2,FB_072_05A484DC,dollar_amount,"(np.int64(1), np.int64(1), np.int64(1), np.int64(1))","(np.int64(0), np.int64(1), np.int64(0), np.int64(0))",1,1,Always Detected,Partial Decay
FB_072_05A484DC_H1,FB_072_05A484DC,large_number,"(np.int64(1), np.int64(0), np.int64(0), np.int64(0))","(np.int64(1), np.int64(0), np.int64(0), np.int64(0))",1,0,Full Decay (caught→missed),Full Decay (caught→missed)
FB_073_5495DBB9_H3,FB_073_5495DBB9,percentage,"(np.int64(1), np.int64(1), np.int64(1), np.int64(1))","(np.int64(1), np.int64(1), np.int64(1), np.int64(1))",1,1,Always Detected,Always Detected
FB_073_5495DBB9_H2,FB_073_5495DBB9,dollar_amount,"(np.int64(1), np.int64(1), np.int64(1), np.int64(1))","(np.int64(0), np.int64(1), np.int64(1), np.int64(1))",1,1,Always Detected,Late Detection
FB_073_5495DBB9_H1,FB_073_5495DBB9,dollar_amount,"(np.int64(1), np.int64(1), np.int64(1), np.int64(1))","(np.int64(1), np.int64(0), np.int64(1), np.int64(1))",1,1,Always Detected,Partially Detected (caught at end)
FB_074_499976A7_H2,FB_074_499976A7,dollar_amount,"(np.int64(1), np.int64(1), np.int64(0), np.int64(0))","(np.int64(0), np.int64(0), np.int64(0), np.int64(0))",1,0,Full Decay (caught→missed),Never Detected
FB_074_499976A7_H1,FB_074_499976A7,dollar_amount,"(np.int64(1), np.int64(1), np.int64(0), np.int64(0))","(np.int64(0), np.int64(0), np.int64(0), np.int64(0))",1,0,Full Decay (caught→missed),Never Detected
FB_075_D5F39BB5_H2,FB_075_D5F39BB5,dollar_amount,"(np.int64(1), np.int64(1), np.int64(1), np.int64(1))","(np.int64(1), np.int64(1), np.int64(1), np.int64(1))",1,1,Always Detected,Always Detected
FB_075_D5F39BB5_H1,FB_075_D5F39BB5,dollar_amount,"(np.int64(1), np.int64(1), np.int64(1), np.int64(1))","(np.int64(1), np.int64(1), np.int64(1), np.int64(1))",1,1,Always Detected,Always Detected
FB_076_1BF5949C_H3,FB_076_1BF5949C,dollar_amount,"(np.int64(1), np.int64(1), np.int64(1), np.int64(1))","(np.int64(1), np.int64(0), np.int64(1), np.int64(1))",1,1,Always Detected,Partially Detected (caught at end)
FB_076_1BF5949C_H2,FB_076_1BF5949C,dollar_amount,"(np.int64(1), np.int64(1), np.int64(1), np.int64(1))","(np.int64(1), np.int64(1), np.int64(1), np.int64(1))",1,1,Always Detected,Always Detected
FB_076_1BF5949C_H1,FB_076_1BF5949C,dollar_amount,"(np.int64(1), np.int64(1), np.int64(0), np.int64(0))","(np.int64(1), np.int64(1), np.int64(0), np.int64(0))",1,0,Full Decay (caught→missed),Full Decay (caught→missed)
FB_077_6547C156_H3,FB_077_6547C156,dollar_amount,"(np.int64(1), np.int64(1), np.int64(1), np.int64(1))","(np.int64(0), np.int64(0), np.int64(1), np.int64(1))",1,1,Always Detected,Late Detection
FB_077_6547C156_H2,FB_077_6547C156,dollar_amount,"(np.int64(0), np.int64(0), np.int64(1), np.int64(1))","(np.int64(0), np.int64(0), np.int64(1), np.int64(1))",0,1,Late Detection,Late Detection
FB_077_6547C156_H1,FB_077_6547C156,dollar_amount,"(np.int64(1), np.int64(1), np.int64(1), np.int64(1))","(np.int64(1), np.int64(1), np.int64(1), np.int64(1))",1,1,Always Detected,Always Detected
FB_078_F8A3C776_H2,FB_078_F8A3C776,dollar_amount,"(np.int64(1), np.int64(1), np.int64(1), np.int64(1))","(np.int64(1), np.int64(1), np.int64(1), np.int64(1))",1,1,Always Detected,Always Detected
FB_078_F8A3C776_H1,FB_078_F8A3C776,dollar_amount,"(np.int64(1), np.int64(1), np.int64(1), np.int64(1))","(np.int64(1), np.int64(1), np.int64(1), np.int64(1))",1,1,Always Detected,Always Detected
FB_079_C8770283_H3,FB_079_C8770283,dollar_amount,"(np.int64(1), np.int64(1), np.int64(1), np.int64(1))","(np.int64(1), np.int64(0), np.int64(0), np.int64(1))",1,1,Always Detected,Partially Detected (caught at end)
FB_079_C8770283_H2,FB_079_C8770283,dollar_amount,"(np.int64(1), np.int64(1), np.int64(1), np.int64(1))","(np.int64(1), np.int64(1), np.int64(1), np.int64(1))",1,1,Always Detected,Always Detected
FB_079_C8770283_H1,FB_079_C8770283,dollar_amount,"(np.int64(1), np.int64(1), np.int64(1), np.int64(1))","(np.int64(1), np.int64(1), np.int64(1), np.int64(1))",1,1,Always Detected,Always Detected
FB_081_4E1CC3D9_H2,FB_081_4E1CC3D9,large_number,"(np.int64(1), np.int64(1), np.int64(1), np.int64(1))","(np.int64(0), np.int64(1), np.int64(1), np.int64(1))",1,1,Always Detected,Late Detection
FB_081_4E1CC3D9_H1,FB_081_4E1CC3D9,large_number,"(np.int64(1), np.int64(1), np.int64(1), np.int64(1))","(np.int64(1), np.int64(1), np.int64(1), np.int64(1))",1,1,Always Detected,Always Detected
FB_082_4FFC55E4_H2,FB_082_4FFC55E4,dollar_amount,"(np.int64(1), np.int64(0), np.int64(0), np.int64(0))","(np.int64(1), np.int64(0), np.int64(0), np.int64(0))",1,0,Full Decay (caught→missed),Full Decay (caught→missed)
FB_082_4FFC55E4_H1,FB_082_4FFC55E4,dollar_amount,"(np.int64(1), np.int64(0), np.int64(0), np.int64(0))","(np.int64(1), np.int64(0), np.int64(0), np.int64(0))",1,0,Full Decay (caught→missed),Full Decay (caught→missed)
FB_083_62A760DF_H3,FB_083_62A760DF,dollar_amount,"(np.int64(1), np.int64(0), np.int64(0), np.int64(0))","(np.int64(1), np.int64(0), np.int64(0), np.int64(0))",1,0,Full Decay (caught→missed),Full Decay (caught→missed)
FB_083_62A760DF_H2,FB_083_62A760DF,dollar_amount,"(np.int64(1), np.int64(1), np.int64(0), np.int64(1))","(np.int64(1), np.int64(1), np.int64(0), np.int64(1))",1,1,Partially Detected (caught at end),Partially Detected (caught at end)
FB_083_62A760DF_H1,FB_083_62A760DF,dollar_amount,"(np.int64(1), np.int64(1), np.int64(0), np.int64(1))","(np.int64(1), np.int64(1), np.int64(0), np.int64(1))",1,1,Partially Detected (caught at end),Partially Detected (caught at end)
FB_084_403F35B5_H2,FB_084_403F35B5,dollar_amount,"(np.int64(1), np.int64(1), np.int64(1), np.int64(1))","(np.int64(1), np.int64(0), np.int64(1), np.int64(0))",1,1,Always Detected,Full Decay (caught→missed)
FB_084_403F35B5_H1,FB_084_403F35B5,dollar_amount,"(np.int64(1), np.int64(0), np.int64(0), np.int64(0))","(np.int64(1), np.int64(0), np.int64(0), np.int64(0))",1,0,Full Decay (caught→missed),Full Decay (caught→missed)
FB_085_149EBAE9_H3,FB_085_149EBAE9,dollar_amount,"(np.int64(1), np.int64(1), np.int64(1), np.int64(1))","(np.int64(0), np.int64(0), np.int64(1), np.int64(1))",1,1,Always Detected,Late Detection
FB_085_149EBAE9_H2,FB_085_149EBAE9,dollar_amount,"(np.int64(1), np.int64(1), np.int64(1), np.int64(1))","(np.int64(1), np.int64(0), np.int64(0), np.int64(0))",1,1,Always Detected,Full Decay (caught→missed)
FB_085_149EBAE9_H1,FB_085_149EBAE9,dollar_amount,"(np.int64(1), np.int64(0), np.int64(0), np.int64(0))","(np.int64(1), np.int64(0), np.int64(0), np.int64(0))",1,0,Full Decay (caught→missed),Full Decay (caught→missed)
FB_086_889F46BB_H3,FB_086_889F46BB,dollar_amount,"(np.int64(1), np.int64(1), np.int64(1), np.int64(1))","(np.int64(1), np.int64(1), np.int64(1), np.int64(0))",1,1,Always Detected,Full Decay (caught→missed)
FB_086_889F46BB_H2,FB_086_889F46BB,dollar_amount,"(np.int64(1), np.int64(1), np.int64(1), np.int64(1))","(np.int64(0), np.int64(0), np.int64(0), np.int64(1))",1,1,Always Detected,Late Detection
FB_086_889F46BB_H1,FB_086_889F46BB,dollar_amount,"(np.int64(1), np.int64(1), np.int64(0), np.int64(0))","(np.int64(0), np.int64(1), np.int64(0), np.int64(0))",1,0,Full Decay (caught→missed),Partial Decay
FB_087_99FD2FB2_H3,FB_087_99FD2FB2,percentage,"(np.int64(1), np.int64(1), np.int64(1), np.int64(1))","(np.int64(1), np.int64(1), np.int64(1), np.int64(1))",1,1,Always Detected,Always Detected
FB_087_99FD2FB2_H2,FB_087_99FD2FB2,dollar_amount,"(np.int64(1), np.int64(1), np.int64(0), np.int64(0))","(np.int64(0), np.int64(0), np.int64(0), np.int64(0))",1,0,Full Decay (caught→missed),Never Detected
FB_087_99FD2FB2_H1,FB_087_99FD2FB2,dollar_amount,"(np.int64(1), np.int64(1), np.int64(0), np.int64(0))","(np.int64(1), np.int64(1), np.int64(0), np.int64(0))",1,0,Full Decay (caught→missed),Full Decay (caught→missed)
FB_088_DD231ABD_H3,FB_088_DD231ABD,dollar_amount,"(np.int64(1), np.int64(1), np.int64(1), np.int64(1))","(np.int64(0), np.int64(1), np.int64(1), np.int64(1))",1,1,Always Detected,Late Detection
FB_088_DD231ABD_H2,FB_088_DD231ABD,dollar_amount,"(np.int64(1), np.int64(1), np.int64(1), np.int64(1))","(np.int64(0), np.int64(1), np.int64(0), np.int64(1))",1,1,Always Detected,Late Detection
FB_088_DD231ABD_H1,FB_088_DD231ABD,dollar_amount,"(np.int64(1), np.int64(1), np.int64(1), np.int64(1))","(np.int64(0), np.int64(1), np.int64(0), np.int64(0))",1,1,Always Detected,Partial Decay
FB_089_CF6163C6_H2,FB_089_CF6163C6,dollar_amount,"(np.int64(1), np.int64(1), np.int64(1), np.int64(1))","(np.int64(0), np.int64(0), np.int64(1), np.int64(1))",1,1,Always Detected,Late Detection
FB_089_CF6163C6_H1,FB_089_CF6163C6,percentage,"(np.int64(1), np.int64(1), np.int64(1), np.int64(1))","(np.int64(1), np.int64(1), np.int64(1), np.int64(1))",1,1,Always Detected,Always Detected
FB_090_72CFB567_H3,FB_090_72CFB567,dollar_amount,"(np.int64(1), np.int64(0), np.int64(0), np.int64(0))","(np.int64(1), np.int64(0), np.int64(0), np.int64(0))",1,0,Full Decay (caught→missed),Full Decay (caught→missed)
FB_090_72CFB567_H2,FB_090_72CFB567,dollar_amount,"(np.int64(1), np.int64(0), np.int64(0), np.int64(0))","(np.int64(1), np.int64(0), np.int64(0), np.int64(0))",1,0,Full Decay (caught→missed),Full Decay (caught→missed)
FB_090_72CFB567_H1,FB_090_72CFB567,dollar_amount,"(np.int64(1), np.int64(0), np.int64(0), np.int64(0))","(np.int64(1), np.int64(0), np.int64(0), np.int64(0))",1,0,Full Decay (caught→missed),Full Decay (caught→missed)
FB_091_82F6C167_H3,FB_091_82F6C167,dollar_amount,"(np.int64(1), np.int64(1), np.int64(1), np.int64(1))","(np.int64(1), np.int64(0), np.int64(1), np.int64(0))",1,1,Always Detected,Full Decay (caught→missed)
FB_091_82F6C167_H2,FB_091_82F6C167,dollar_amount,"(np.int64(1), np.int64(1), np.int64(1), np.int64(1))","(np.int64(1), np.int64(1), np.int64(0), np.int64(0))",1,1,Always Detected,Full Decay (caught→missed)
FB_091_82F6C167_H1,FB_091_82F6C167,dollar_amount,"(np.int64(1), np.int64(1), np.int64(1), np.int64(1))","(np.int64(1), np.int64(1), np.int64(0), np.int64(0))",1,1,Always Detected,Full Decay (caught→missed)
FB_092_1FF70EDD_H1,FB_092_1FF70EDD,dollar_amount,"(np.int64(1), np.int64(1), np.int64(1), np.int64(1))","(np.int64(1), np.int64(1), np.int64(0), np.int64(0))",1,1,Always Detected,Full Decay (caught→missed)
FB_093_3013F02B_H1,FB_093_3013F02B,dollar_amount,"(np.int64(1), np.int64(1), np.int64(1), np.int64(1))","(np.int64(0), np.int64(1), np.int64(1), np.int64(1))",1,1,Always Detected,Late Detection
FB_094_62DF77C2_H3,FB_094_62DF77C2,dollar_amount,"(np.int64(1), np.int64(1), np.int64(1), np.int64(1))","(np.int64(1), np.int64(0), np.int64(0), np.int64(0))",1,1,Always Detected,Full Decay (caught→missed)
FB_094_62DF77C2_H2,FB_094_62DF77C2,percentage,"(np.int64(1), np.int64(1), np.int64(1), np.int64(0))","(np.int64(1), np.int64(1), np.int64(1), np.int64(0))",1,0,Full Decay (caught→missed),Full Decay (caught→missed)
FB_094_62DF77C2_H1,FB_094_62DF77C2,percentage,"(np.int64(1), np.int64(1), np.int64(1), np.int64(1))","(np.int64(1), np.int64(1), np.int64(1), np.int64(0))",1,1,Always Detected,Full Decay (caught→missed)
FB_095_25B2B23C_H2,FB_095_25B2B23C,dollar_amount,"(np.int64(1), np.int64(1), np.int64(1), np.int64(1))","(np.int64(1), np.int64(1), np.int64(1), np.int64(1))",1,1,Always Detected,Always Detected
FB_095_25B2B23C_H1,FB_095_25B2B23C,dollar_amount,"(np.int64(1), np.int64(1), np.int64(1), np.int64(1))","(np.int64(0), np.int64(0), np.int64(1), np.int64(1))",1,1,Always Detected,Late Detection
FB_096_3F49DA9A_H3,FB_096_3F49DA9A,dollar_amount,"(np.int64(1), np.int64(1), np.int64(1), np.int64(1))","(np.int64(0), np.int64(1), np.int64(0), np.int64(0))",1,1,Always Detected,Partial Decay
FB_096_3F49DA9A_H2,FB_096_3F49DA9A,dollar_amount,"(np.int64(1), np.int64(1), np.int64(1), np.int64(1))","(np.int64(1), np.int64(1), np.int64(1), np.int64(0))",1,1,Always Detected,Full Decay (caught→missed)
FB_096_3F49DA9A_H1,FB_096_3F49DA9A,large_number,"(np.int64(1), np.int64(1), np.int64(1), np.int64(1))","(np.int64(0), np.int64(1), np.int64(0), np.int64(0))",1,1,Always Detected,Partial Decay
FB_097_2BA7758E_H2,FB_097_2BA7758E,percentage,"(np.int64(1), np.int64(1), np.int64(1), np.int64(1))","(np.int64(1), np.int64(1), np.int64(1), np.int64(1))",1,1,Always Detected,Always Detected
FB_097_2BA7758E_H1,FB_097_2BA7758E,percentage,"(np.int64(1), np.int64(1), np.int64(1), np.int64(1))","(np.int64(1), np.int64(1), np.int64(0), np.int64(0))",1,1,Always Detected,Full Decay (caught→missed)
FB_098_7154A728_H2,FB_098_7154A728,dollar_amount,"(np.int64(1), np.int64(1), np.int64(1), np.int64(1))","(np.int64(0), np.int64(1), np.int64(1), np.int64(1))",1,1,Always Detected,Late Detection
FB_098_7154A728_H1,FB_098_7154A728,dollar_amount,"(np.int64(1), np.int64(1), np.int64(0), np.int64(1))","(np.int64(1), np.int64(1), np.int64(0), np.int64(1))",1,1,Partially Detected (caught at end),Partially Detected (caught at end)
FB_099_6BE111D5_H3,FB_099_6BE111D5,dollar_amount,"(np.int64(1), np.int64(1), np.int64(1), np.int64(1))","(np.int64(1), np.int64(0), np.int64(0), np.int64(0))",1,1,Always Detected,Full Decay (caught→missed)
FB_099_6BE111D5_H2,FB_099_6BE111D5,dollar_amount,"(np.int64(1), np.int64(1), np.int64(1), np.int64(1))","(np.int64(1), np.int64(1), np.int64(1), np.int64(0))",1,1,Always Detected,Full Decay (caught→missed)
FB_099_6BE111D5_H1,FB_099_6BE111D5,dollar_amount,"(np.int64(1), np.int64(1), np.int64(1), np.int64(1))","(np.int64(1), np.int64(1), np.int64(1), np.int64(0))",1,1,Always Detected,Full Decay (caught→missed)
FB_100_6814F36E_H2,FB_100_6814F36E,dollar_amount,"(np.int64(1), np.int64(1), np.int64(1), np.int64(1))","(np.int64(0), np.int64(1), np.int64(1), np.int64(1))",1,1,Always Detected,Late Detection
FB_100_6814F36E_H1,FB_100_6814F36E,dollar_amount,"(np.int64(1), np.int64(0), np.int64(0), np.int64(0))","(np.int64(1), np.int64(0), np.int64(0), np.int64(0))",1,0,Full Decay (caught→missed),Full Decay (caught→missed)
FB_101_79109208_H2,FB_101_79109208,dollar_amount,"(np.int64(1), np.int64(1), np.int64(0), np.int64(0))","(np.int64(1), np.int64(1), np.int64(0), np.int64(0))",1,0,Full Decay (caught→missed),Full Decay (caught→missed)
FB_101_79109208_H1,FB_101_79109208,dollar_amount,"(np.int64(1), np.int64(1), np.int64(1), np.int64(1))","(np.int64(1), np.int64(1), np.int64(1), np.int64(1))",1,1,Always Detected,Always Detected
FB_102_F5764A3D_H2,FB_102_F5764A3D,dollar_amount,"(np.int64(1), np.int64(1), np.int64(1), np.int64(1))","(np.int64(1), np.int64(1), np.int64(1), np.int64(1))",1,1,Always Detected,Always Detected
FB_102_F5764A3D_H1,FB_102_F5764A3D,dollar_amount,"(np.int64(1), np.int64(1), np.int64(0), np.int64(0))","(np.int64(1), np.int64(1), np.int64(0), np.int64(0))",1,0,Full Decay (caught→missed),Full Decay (caught→missed)
FB_103_98E6E9E2_H2,FB_103_98E6E9E2,dollar_amount,"(np.int64(1), np.int64(0), np.int64(1), np.int64(0))","(np.int64(1), np.int64(0), np.int64(1), np.int64(0))",1,0,Full Decay (caught→missed),Full Decay (caught→missed)
FB_103_98E6E9E2_H1,FB_103_98E6E9E2,dollar_amount,"(np.int64(1), np.int64(0), np.int64(1), np.int64(0))","(np.int64(1), np.int64(0), np.int64(1), np.int64(0))",1,0,Full Decay (caught→missed),Full Decay (caught→missed)
FB_104_AE0FFD33_H3,FB_104_AE0FFD33,dollar_amount,"(np.int64(1), np.int64(1), np.int64(1), np.int64(1))","(np.int64(1), np.int64(0), np.int64(1), np.int64(0))",1,1,Always Detected,Full Decay (caught→missed)
FB_104_AE0FFD33_H2,FB_104_AE0FFD33,dollar_amount,"(np.int64(1), np.int64(1), np.int64(1), np.int64(1))","(np.int64(1), np.int64(0), np.int64(1), np.int64(0))",1,1,Always Detected,Full Decay (caught→missed)
FB_104_AE0FFD33_H1,FB_104_AE0FFD33,dollar_amount,"(np.int64(1), np.int64(1), np.int64(1), np.int64(1))","(np.int64(1), np.int64(0), np.int64(1), np.int64(0))",1,1,Always Detected,Full Decay (caught→missed)
FB_105_61DCE693_H3,FB_105_61DCE693,dollar_amount,"(np.int64(1), np.int64(1), np.int64(1), np.int64(1))","(np.int64(0), np.int64(1), np.int64(0), np.int64(0))",1,1,Always Detected,Partial Decay
FB_105_61DCE693_H2,FB_105_61DCE693,dollar_amount,"(np.int64(1), np.int64(1), np.int64(1), np.int64(1))","(np.int64(1), np.int64(1), np.int64(1), np.int64(0))",1,1,Always Detected,Full Decay (caught→missed)
FB_105_61DCE693_H1,FB_105_61DCE693,percentage,"(np.int64(1), np.int64(1), np.int64(1), np.int64(1))","(np.int64(1), np.int64(1), np.int64(1), np.int64(1))",1,1,Always Detected,Always Detected
FB_106_EB0A9203_H2,FB_106_EB0A9203,dollar_amount,"(np.int64(1), np.int64(1), np.int64(1), np.int64(1))","(np.int64(1), np.int64(1), np.int64(1), np.int64(1))",1,1,Always Detected,Always Detected
FB_107_B17259C6_H2,FB_107_B17259C6,dollar_amount,"(np.int64(1), np.int64(1), np.int64(1), np.int64(1))","(np.int64(1), np.int64(0), np.int64(1), np.int64(0))",1,1,Always Detected,Full Decay (caught→missed)
FB_107_B17259C6_H1,FB_107_B17259C6,dollar_amount,"(np.int64(1), np.int64(1), np.int64(0), np.int64(1))","(np.int64(0), np.int64(0), np.int64(0), np.int64(0))",1,1,Partially Detected (caught at end),Never Detected
FB_108_8E72B311_H2,FB_108_8E72B311,dollar_amount,"(np.int64(1), np.int64(0), np.int64(0), np.int64(0))","(np.int64(1), np.int64(0), np.int64(0), np.int64(0))",1,0,Full Decay (caught→missed),Full Decay (caught→missed)
FB_108_8E72B311_H1,FB_108_8E72B311,dollar_amount,"(np.int64(1), np.int64(1), np.int64(1), np.int64(1))","(np.int64(0), np.int64(1), np.int64(1), np.int64(1))",1,1,Always Detected,Late Detection
FB_109_F3781DA6_H2,FB_109_F3781DA6,dollar_amount,"(np.int64(1), np.int64(1), np.int64(1), np.int64(1))","(np.int64(0), np.int64(1), np.int64(0), np.int64(1))",1,1,Always Detected,Late Detection
FB_109_F3781DA6_H1,FB_109_F3781DA6,dollar_amount,"(np.int64(1), np.int64(1), np.int64(1), np.int64(1))","(np.int64(0), np.int64(1), np.int64(1), np.int64(1))",1,1,Always Detected,Late Detection
FB_110_74F7847F_H2,FB_110_74F7847F,dollar_amount,"(np.int64(1), np.int64(1), np.int64(1), np.int64(1))","(np.int64(1), np.int64(1), np.int64(1), np.int64(1))",1,1,Always Detected,Always Detected
FB_110_74F7847F_H1,FB_110_74F7847F,dollar_amount,"(np.int64(1), np.int64(1), np.int64(1), np.int64(1))","(np.int64(1), np.int64(0), np.int64(1), np.int64(1))",1,1,Always Detected,Partially Detected (caught at end)
FB_111_A4B199F5_H3,FB_111_A4B199F5,dollar_amount,"(np.int64(1), np.int64(1), np.int64(1), np.int64(1))","(np.int64(0), np.int64(0), np.int64(0), np.int64(1))",1,1,Always Detected,Late Detection
FB_111_A4B199F5_H2,FB_111_A4B199F5,dollar_amount,"(np.int64(1), np.int64(1), np.int64(1), np.int64(1))","(np.int64(1), np.int64(1), np.int64(0), np.int64(1))",1,1,Always Detected,Partially Detected (caught at end)
FB_111_A4B199F5_H1,FB_111_A4B199F5,dollar_amount,"(np.int64(1), np.int64(1), np.int64(1), np.int64(1))","(np.int64(1), np.int64(1), np.int64(0), np.int64(0))",1,1,Always Detected,Full Decay (caught→missed)
FB_112_2DC55A31_H2,FB_112_2DC55A31,dollar_amount,"(np.int64(1), np.int64(1), np.int64(1), np.int64(1))","(np.int64(1), np.int64(1), np.int64(1), np.int64(1))",1,1,Always Detected,Always Detected
FB_112_2DC55A31_H1,FB_112_2DC55A31,dollar_amount,"(np.int64(1), np.int64(1), np.int64(1), np.int64(1))","(np.int64(0), np.int64(1), np.int64(1), np.int64(1))",1,1,Always Detected,Late Detection
FB_113_30E7F266_H2,FB_113_30E7F266,large_number,"(np.int64(1), np.int64(1), np.int64(1), np.int64(1))","(np.int64(1), np.int64(1), np.int64(1), np.int64(1))",1,1,Always Detected,Always Detected
FB_113_30E7F266_H1,FB_113_30E7F266,large_number,"(np.int64(0), np.int64(0), np.int64(1), np.int64(1))","(np.int64(0), np.int64(0), np.int64(1), np.int64(1))",0,1,Late Detection,Late Detection
FB_114_ACC06CE8_H2,FB_114_ACC06CE8,dollar_amount,"(np.int64(1), np.int64(1), np.int64(1), np.int64(1))","(np.int64(0), np.int64(0), np.int64(1), np.int64(1))",1,1,Always Detected,Late Detection
FB_114_ACC06CE8_H1,FB_114_ACC06CE8,dollar_amount,"(np.int64(1), np.int64(1), np.int64(1), np.int64(1))","(np.int64(1), np.int64(1), np.int64(0), np.int64(0))",1,1,Always Detected,Full Decay (caught→missed)
FB_115_AE55E4C4_H3,FB_115_AE55E4C4,dollar_amount,"(np.int64(1), np.int64(1), np.int64(1), np.int64(1))","(np.int64(0), np.int64(0), np.int64(0), np.int64(0))",1,1,Always Detected,Never Detected
FB_115_AE55E4C4_H2,FB_115_AE55E4C4,large_number,"(np.int64(1), np.int64(0), np.int64(0), np.int64(0))","(np.int64(1), np.int64(0), np.int64(0), np.int64(0))",1,0,Full Decay (caught→missed),Full Decay (caught→missed)
FB_115_AE55E4C4_H1,FB_115_AE55E4C4,percentage,"(np.int64(1), np.int64(1), np.int64(1), np.int64(1))","(np.int64(1), np.int64(1), np.int64(1), np.int64(1))",1,1,Always Detected,Always Detected
FB_116_1C09CCA7_H3,FB_116_1C09CCA7,dollar_amount,"(np.int64(1), np.int64(1), np.int64(1), np.int64(1))","(np.int64(0), np.int64(1), np.int64(1), np.int64(1))",1,1,Always Detected,Late Detection
FB_116_1C09CCA7_H2,FB_116_1C09CCA7,dollar_amount,"(np.int64(1), np.int64(1), np.int64(1), np.int64(1))","(np.int64(1), np.int64(1), np.int64(1), np.int64(1))",1,1,Always Detected,Always Detected
FB_116_1C09CCA7_H1,FB_116_1C09CCA7,dollar_amount,"(np.int64(1), np.int64(1), np.int64(1), np.int64(1))","(np.int64(0), np.int64(1), np.int64(1), np.int64(1))",1,1,Always Detected,Late Detection
FB_117_C880E731_H3,FB_117_C880E731,dollar_amount,"(np.int64(1), np.int64(0), np.int64(1), np.int64(0))","(np.int64(1), np.int64(0), np.int64(1), np.int64(0))",1,0,Full Decay (caught→missed),Full Decay (caught→missed)
FB_117_C880E731_H2,FB_117_C880E731,dollar_amount,"(np.int64(1), np.int64(1), np.int64(1), np.int64(1))","(np.int64(1), np.int64(1), np.int64(1), np.int64(1))",1,1,Always Detected,Always Detected
FB_117_C880E731_H1,FB_117_C880E731,dollar_amount,"(np.int64(1), np.int64(0), np.int64(1), np.int64(0))","(np.int64(1), np.int64(0), np.int64(1), np.int64(0))",1,0,Full Decay (caught→missed),Full Decay (caught→missed)
FB_118_8B6021A4_H3,FB_118_8B6021A4,large_number,"(np.int64(0), np.int64(1), np.int64(1), np.int64(1))","(np.int64(0), np.int64(1), np.int64(1), np.int64(1))",0,1,Late Detection,Late Detection
FB_118_8B6021A4_H2,FB_118_8B6021A4,dollar_amount,"(np.int64(1), np.int64(0), np.int64(0), np.int64(0))","(np.int64(0), np.int64(0), np.int64(0), np.int64(0))",1,0,Full Decay (caught→missed),Never Detected
FB_118_8B6021A4_H1,FB_118_8B6021A4,dollar_amount,"(np.int64(1), np.int64(0), np.int64(0), np.int64(0))","(np.int64(1), np.int64(0), np.int64(0), np.int64(0))",1,0,Full Decay (caught→missed),Full Decay (caught→missed)
FB_119_3CD84B18_H3,FB_119_3CD84B18,dollar_amount,"(np.int64(1), np.int64(1), np.int64(1), np.int64(1))","(np.int64(0), np.int64(1), np.int64(0), np.int64(0))",1,1,Always Detected,Partial Decay
FB_119_3CD84B18_H2,FB_119_3CD84B18,dollar_amount,"(np.int64(1), np.int64(1), np.int64(1), np.int64(1))","(np.int64(1), np.int64(1), np.int64(0), np.int64(1))",1,1,Always Detected,Partially Detected (caught at end)
FB_119_3CD84B18_H1,FB_119_3CD84B18,dollar_amount,"(np.int64(1), np.int64(1), np.int64(0), np.int64(0))","(np.int64(0), np.int64(1), np.int64(0), np.int64(0))",1,0,Full Decay (caught→missed),Partial Decay
FB_120_223C47BE_H2,FB_120_223C47BE,dollar_amount,"(np.int64(1), np.int64(1), np.int64(1), np.int64(1))","(np.int64(1), np.int64(1), np.int64(1), np.int64(1))",1,1,Always Detected,Always Detected
FB_120_223C47BE_H1,FB_120_223C47BE,dollar_amount,"(np.int64(1), np.int64(1), np.int64(1), np.int64(1))","(np.int64(0), np.int64(1), np.int64(0), np.int64(0))",1,1,Always Detected,Partial Decay
FB_124_C0D9EB5C_H3,FB_124_C0D9EB5C,dollar_amount,"(np.int64(1), np.int64(1), np.int64(1), np.int64(1))","(np.int64(1), np.int64(1), np.int64(1), np.int64(0))",1,1,Always Detected,Full Decay (caught→missed)
FB_124_C0D9EB5C_H2,FB_124_C0D9EB5C,dollar_amount,"(np.int64(1), np.int64(0), np.int64(0), np.int64(0))","(np.int64(1), np.int64(0), np.int64(0), np.int64(0))",1,0,Full Decay (caught→missed),Full Decay (caught→missed)
FB_124_C0D9EB5C_H1,FB_124_C0D9EB5C,dollar_amount,"(np.int64(1), np.int64(1), np.int64(1), np.int64(1))","(np.int64(1), np.int64(1), np.int64(1), np.int64(0))",1,1,Always Detected,Full Decay (caught→missed)
FB_125_E7A2D24B_H3,FB_125_E7A2D24B,percentage,"(np.int64(1), np.int64(1), np.int64(1), np.int64(1))","(np.int64(1), np.int64(0), np.int64(0), np.int64(0))",1,1,Always Detected,Full Decay (caught→missed)
FB_125_E7A2D24B_H2,FB_125_E7A2D24B,dollar_amount,"(np.int64(1), np.int64(0), np.int64(0), np.int64(0))","(np.int64(1), np.int64(0), np.int64(0), np.int64(0))",1,0,Full Decay (caught→missed),Full Decay (caught→missed)
FB_125_E7A2D24B_H1,FB_125_E7A2D24B,dollar_amount,"(np.int64(1), np.int64(1), np.int64(0), np.int64(0))","(np.int64(1), np.int64(1), np.int64(0), np.int64(0))",1,0,Full Decay (caught→missed),Full Decay (caught→missed)
FB_126_3313FCA9_H3,FB_126_3313FCA9,percentage,"(np.int64(1), np.int64(1), np.int64(1), np.int64(1))","(np.int64(1), np.int64(1), np.int64(1), np.int64(1))",1,1,Always Detected,Always Detected
FB_126_3313FCA9_H2,FB_126_3313FCA9,large_number,"(np.int64(1), np.int64(1), np.int64(1), np.int64(1))","(np.int64(0), np.int64(0), np.int64(1), np.int64(1))",1,1,Always Detected,Late Detection
FB_126_3313FCA9_H1,FB_126_3313FCA9,large_number,"(np.int64(1), np.int64(1), np.int64(1), np.int64(1))","(np.int64(1), np.int64(0), np.int64(1), np.int64(1))",1,1,Always Detected,Partially Detected (caught at end)
FB_127_E1B380E5_H2,FB_127_E1B380E5,dollar_amount,"(np.int64(1), np.int64(1), np.int64(1), np.int64(1))","(np.int64(1), np.int64(1), np.int64(0), np.int64(1))",1,1,Always Detected,Partially Detected (caught at end)
FB_127_E1B380E5_H1,FB_127_E1B380E5,dollar_amount,"(np.int64(1), np.int64(1), np.int64(1), np.int64(1))","(np.int64(1), np.int64(0), np.int64(1), np.int64(1))",1,1,Always Detected,Partially Detected (caught at end)
FB_128_F410AC0E_H3,FB_128_F410AC0E,dollar_amount,"(np.int64(1), np.int64(1), np.int64(1), np.int64(1))","(np.int64(1), np.int64(1), np.int64(1), np.int64(1))",1,1,Always Detected,Always Detected
FB_128_F410AC0E_H2,FB_128_F410AC0E,dollar_amount,"(np.int64(1), np.int64(1), np.int64(1), np.int64(1))","(np.int64(1), np.int64(1), np.int64(1), np.int64(1))",1,1,Always Detected,Always Detected
FB_128_F410AC0E_H1,FB_128_F410AC0E,dollar_amount,"(np.int64(1), np.int64(1), np.int64(1), np.int64(1))","(np.int64(1), np.int64(1), np.int64(1), np.int64(1))",1,1,Always Detected,Always Detected
FB_129_1F62F697_H3,FB_129_1F62F697,percentage,"(np.int64(1), np.int64(1), np.int64(1), np.int64(1))","(np.int64(1), np.int64(1), np.int64(1), np.int64(1))",1,1,Always Detected,Always Detected
FB_129_1F62F697_H2,FB_129_1F62F697,percentage,"(np.int64(1), np.int64(1), np.int64(1), np.int64(1))","(np.int64(1), np.int64(1), np.int64(1), np.int64(1))",1,1,Always Detected,Always Detected
FB_129_1F62F697_H1,FB_129_1F62F697,dollar_amount,"(np.int64(1), np.int64(1), np.int64(1), np.int64(1))","(np.int64(1), np.int64(1), np.int64(0), np.int64(0))",1,1,Always Detected,Full Decay (caught→missed)
FB_130_B646D047_H3,FB_130_B646D047,percentage,"(np.int64(1), np.int64(1), np.int64(1), np.int64(1))","(np.int64(1), np.int64(1), np.int64(1), np.int64(1))",1,1,Always Detected,Always Detected
FB_130_B646D047_H2,FB_130_B646D047,percentage,"(np.int64(1), np.int64(1), np.int64(1), np.int64(1))","(np.int64(1), np.int64(1), np.int64(0), np.int64(1))",1,1,Always Detected,Partially Detected (caught at end)
FB_130_B646D047_H1,FB_130_B646D047,percentage,"(np.int64(1), np.int64(1), np.int64(1), np.int64(1))","(np.int64(1), np.int64(1), np.int64(0), np.int64(1))",1,1,Always Detected,Partially Detected (caught at end)
FB_131_3A78CB5F_H2,FB_131_3A78CB5F,dollar_amount,"(np.int64(1), np.int64(1), np.int64(1), np.int64(1))","(np.int64(0), np.int64(1), np.int64(1), np.int64(1))",1,1,Always Detected,Late Detection
FB_131_3A78CB5F_H1,FB_131_3A78CB5F,large_number,"(np.int64(1), np.int64(0), np.int64(0), np.int64(0))","(np.int64(1), np.int64(0), np.int64(0), np.int64(0))",1,0,Full Decay (caught→missed),Full Decay (caught→missed)
FB_132_9F7A4F77_H2,FB_132_9F7A4F77,dollar_amount,"(np.int64(1), np.int64(1), np.int64(1), np.int64(1))","(np.int64(0), np.int64(1), np.int64(1), np.int64(1))",1,1,Always Detected,Late Detection
FB_132_9F7A4F77_H1,FB_132_9F7A4F77,dollar_amount,"(np.int64(1), np.int64(1), np.int64(1), np.int64(1))","(np.int64(0), np.int64(0), np.int64(0), np.int64(0))",1,1,Always Detected,Never Detected
FB_133_F4882588_H3,FB_133_F4882588,dollar_amount,"(np.int64(1), np.int64(1), np.int64(1), np.int64(1))","(np.int64(1), np.int64(1), np.int64(1), np.int64(1))",1,1,Always Detected,Always Detected
FB_133_F4882588_H2,FB_133_F4882588,dollar_amount,"(np.int64(1), np.int64(1), np.int64(1), np.int64(1))","(np.int64(0), np.int64(0), np.int64(0), np.int64(0))",1,1,Always Detected,Never Detected
FB_133_F4882588_H1,FB_133_F4882588,dollar_amount,"(np.int64(1), np.int64(1), np.int64(1), np.int64(1))","(np.int64(0), np.int64(0), np.int64(0), np.int64(0))",1,1,Always Detected,Never Detected
FB_134_8EAD738D_H1,FB_134_8EAD738D,dollar_amount,"(np.int64(1), np.int64(1), np.int64(1), np.int64(1))","(np.int64(1), np.int64(1), np.int64(1), np.int64(1))",1,1,Always Detected,Always Detected
FB_135_DFC4B0A4_H3,FB_135_DFC4B0A4,dollar_amount,"(np.int64(1), np.int64(1), np.int64(1), np.int64(1))","(np.int64(1), np.int64(0), np.int64(1), np.int64(1))",1,1,Always Detected,Partially Detected (caught at end)
FB_135_DFC4B0A4_H2,FB_135_DFC4B0A4,dollar_amount,"(np.int64(1), np.int64(1), np.int64(1), np.int64(1))","(np.int64(1), np.int64(0), np.int64(1), np.int64(1))",1,1,Always Detected,Partially Detected (caught at end)
FB_135_DFC4B0A4_H1,FB_135_DFC4B0A4,percentage,"(np.int64(1), np.int64(1), np.int64(0), np.int64(0))","(np.int64(1), np.int64(1), np.int64(0), np.int64(0))",1,0,Full Decay (caught→missed),Full Decay (caught→missed)
FB_137_A71B03EF_H2,FB_137_A71B03EF,dollar_amount,"(np.int64(1), np.int64(0), np.int64(0), np.int64(0))","(np.int64(1), np.int64(0), np.int64(0), np.int64(0))",1,0,Full Decay (caught→missed),Full Decay (caught→missed)
FB_137_A71B03EF_H1,FB_137_A71B03EF,dollar_amount,"(np.int64(1), np.int64(1), np.int64(1), np.int64(1))","(np.int64(0), np.int64(0), np.int64(0), np.int64(0))",1,1,Always Detected,Never Detected
FB_138_1767BBA1_H3,FB_138_1767BBA1,dollar_amount,"(np.int64(1), np.int64(1), np.int64(1), np.int64(1))","(np.int64(0), np.int64(1), np.int64(0), np.int64(1))",1,1,Always Detected,Late Detection
FB_138_1767BBA1_H2,FB_138_1767BBA1,dollar_amount,"(np.int64(1), np.int64(1), np.int64(1), np.int64(1))","(np.int64(0), np.int64(0), np.int64(1), np.int64(1))",1,1,Always Detected,Late Detection
FB_138_1767BBA1_H1,FB_138_1767BBA1,dollar_amount,"(np.int64(1), np.int64(1), np.int64(1), np.int64(1))","(np.int64(1), np.int64(1), np.int64(1), np.int64(1))",1,1,Always Detected,Always Detected
FB_139_4FC46F83_H3,FB_139_4FC46F83,dollar_amount,"(np.int64(1), np.int64(1), np.int64(1), np.int64(1))","(np.int64(0), np.int64(0), np.int64(1), np.int64(1))",1,1,Always Detected,Late Detection
FB_139_4FC46F83_H2,FB_139_4FC46F83,percentage,"(np.int64(1), np.int64(1), np.int64(1), np.int64(1))","(np.int64(1), np.int64(1), np.int64(1), np.int64(1))",1,1,Always Detected,Always Detected
FB_139_4FC46F83_H1,FB_139_4FC46F83,percentage,"(np.int64(1), np.int64(1), np.int64(1), np.int64(1))","(np.int64(1), np.int64(1), np.int64(1), np.int64(0))",1,1,Always Detected,Full Decay (caught→missed)
FB_140_E38BA3D2_H3,FB_140_E38BA3D2,dollar_amount,"(np.int64(1), np.int64(1), np.int64(1), np.int64(1))","(np.int64(1), np.int64(0), np.int64(1), np.int64(1))",1,1,Always Detected,Partially Detected (caught at end)
FB_140_E38BA3D2_H2,FB_140_E38BA3D2,dollar_amount,"(np.int64(1), np.int64(1), np.int64(1), np.int64(1))","(np.int64(0), np.int64(1), np.int64(1), np.int64(1))",1,1,Always Detected,Late Detection
FB_140_E38BA3D2_H1,FB_140_E38BA3D2,dollar_amount,"(np.int64(1), np.int64(1), np.int64(1), np.int64(1))","(np.int64(1), np.int64(1), np.int64(0), np.int64(0))",1,1,Always Detected,Full Decay (caught→missed)
FB_141_339C8E4B_H3,FB_141_339C8E4B,dollar_amount,"(np.int64(1), np.int64(1), np.int64(1), np.int64(1))","(np.int64(0), np.int64(0), np.int64(1), np.int64(1))",1,1,Always Detected,Late Detection
FB_141_339C8E4B_H2,FB_141_339C8E4B,dollar_amount,"(np.int64(0), np.int64(1), np.int64(1), np.int64(1))","(np.int64(0), np.int64(1), np.int64(1), np.int64(1))",0,1,Late Detection,Late Detection
FB_141_339C8E4B_H1,FB_141_339C8E4B,percentage,"(np.int64(1), np.int64(0), np.int64(1), np.int64(0))","(np.int64(1), np.int64(0), np.int64(1), np.int64(0))",1,0,Full Decay (caught→missed),Full Decay (caught→missed)
FB_142_54C31BE1_H2,FB_142_54C31BE1,dollar_amount,"(np.int64(1), np.int64(1), np.int64(1), np.int64(1))","(np.int64(1), np.int64(1), np.int64(1), np.int64(1))",1,1,Always Detected,Always Detected
FB_142_54C31BE1_H1,FB_142_54C31BE1,dollar_amount,"(np.int64(1), np.int64(1), np.int64(1), np.int64(1))","(np.int64(1), np.int64(1), np.int64(1), np.int64(1))",1,1,Always Detected,Always Detected
FB_143_A0EA48F4_H3,FB_143_A0EA48F4,dollar_amount,"(np.int64(1), np.int64(1), np.int64(1), np.int64(1))","(np.int64(1), np.int64(0), np.int64(1), np.int64(1))",1,1,Always Detected,Partially Detected (caught at end)
FB_143_A0EA48F4_H2,FB_143_A0EA48F4,dollar_amount,"(np.int64(1), np.int64(1), np.int64(1), np.int64(1))","(np.int64(1), np.int64(0), np.int64(1), np.int64(1))",1,1,Always Detected,Partially Detected (caught at end)
FB_143_A0EA48F4_H1,FB_143_A0EA48F4,dollar_amount,"(np.int64(1), np.int64(1), np.int64(0), np.int64(0))","(np.int64(0), np.int64(1), np.int64(0), np.int64(0))",1,0,Full Decay (caught→missed),Partial Decay
FB_144_BD395CC4_H2,FB_144_BD395CC4,dollar_amount,"(np.int64(1), np.int64(1), np.int64(1), np.int64(1))","(np.int64(1), np.int64(1), np.int64(1), np.int64(0))",1,1,Always Detected,Full Decay (caught→missed)
FB_144_BD395CC4_H1,FB_144_BD395CC4,dollar_amount,"(np.int64(1), np.int64(1), np.int64(1), np.int64(1))","(np.int64(1), np.int64(1), np.int64(1), np.int64(1))",1,1,Always Detected,Always Detected
FB_145_F02E8ED1_H2,FB_145_F02E8ED1,dollar_amount,"(np.int64(1), np.int64(1), np.int64(1), np.int64(1))","(np.int64(0), np.int64(1), np.int64(1), np.int64(0))",1,1,Always Detected,Partial Decay
FB_145_F02E8ED1_H1,FB_145_F02E8ED1,dollar_amount,"(np.int64(1), np.int64(1), np.int64(0), np.int64(0))","(np.int64(0), np.int64(0), np.int64(0), np.int64(0))",1,0,Full Decay (caught→missed),Never Detected
FB_146_6EE83766_H3,FB_146_6EE83766,dollar_amount,"(np.int64(1), np.int64(1), np.int64(1), np.int64(1))","(np.int64(0), np.int64(0), np.int64(0), np.int64(0))",1,1,Always Detected,Never Detected
FB_146_6EE83766_H2,FB_146_6EE83766,dollar_amount,"(np.int64(1), np.int64(1), np.int64(1), np.int64(1))","(np.int64(0), np.int64(1), np.int64(0), np.int64(0))",1,1,Always Detected,Partial Decay
FB_146_6EE83766_H1,FB_146_6EE83766,dollar_amount,"(np.int64(1), np.int64(1), np.int64(1), np.int64(1))","(np.int64(0), np.int64(1), np.int64(0), np.int64(0))",1,1,Always Detected,Partial Decay
FB_147_D81E1F94_H3,FB_147_D81E1F94,dollar_amount,"(np.int64(1), np.int64(1), np.int64(1), np.int64(1))","(np.int64(0), np.int64(1), np.int64(0), np.int64(0))",1,1,Always Detected,Partial Decay
FB_147_D81E1F94_H2,FB_147_D81E1F94,dollar_amount,"(np.int64(1), np.int64(1), np.int64(1), np.int64(1))","(np.int64(0), np.int64(1), np.int64(0), np.int64(0))",1,1,Always Detected,Partial Decay
FB_147_D81E1F94_H1,FB_147_D81E1F94,dollar_amount,"(np.int64(1), np.int64(1), np.int64(1), np.int64(1))","(np.int64(0), np.int64(1), np.int64(1), np.int64(0))",1,1,Always Detected,Partial Decay
FB_148_2F878B14_H2,FB_148_2F878B14,dollar_amount,"(np.int64(1), np.int64(0), np.int64(1), np.int64(0))","(np.int64(1), np.int64(0), np.int64(1), np.int64(0))",1,0,Full Decay (caught→missed),Full Decay (caught→missed)
FB_148_2F878B14_H1,FB_148_2F878B14,large_number,"(np.int64(1), np.int64(0), np.int64(0), np.int64(0))","(np.int64(1), np.int64(0), np.int64(0), np.int64(0))",1,0,Full Decay (caught→missed),Full Decay (caught→missed)
FB_149_247B6607_H2,FB_149_247B6607,dollar_amount,"(np.int64(1), np.int64(1), np.int64(1), np.int64(1))","(np.int64(1), np.int64(1), np.int64(1), np.int64(0))",1,1,Always Detected,Full Decay (caught→missed)
FB_149_247B6607_H1,FB_149_247B6607,percentage,"(np.int64(1), np.int64(1), np.int64(1), np.int64(1))","(np.int64(1), np.int64(1), np.int64(0), np.int64(0))",1,1,Always Detected,Full Decay (caught→missed)
FB_150_3E3CE551_H2,FB_150_3E3CE551,dollar_amount,"(np.int64(1), np.int64(1), np.int64(0), np.int64(0))","(np.int64(1), np.int64(1), np.int64(0), np.int64(0))",1,0,Full Decay (caught→missed),Full Decay (caught→missed)
FB_150_3E3CE551_H1,FB_150_3E3CE551,dollar_amount,"(np.int64(1), np.int64(0), np.int64(0), np.int64(0))","(np.int64(1), np.int64(0), np.int64(0), np.int64(0))",1,0,Full Decay (caught→missed),Full Decay (caught→missed)
