hallucination_id,type,original_value,injected_value,original_numeric,injected_numeric,position_char,sentence_approx,perturbation_delta,question_id
FB_001_F18BFC11_H2,dollar_amount,"$1,449 million","$1,677 million",1449,1677,306,2,0.1573,FB_001_F18BFC11
FB_001_F18BFC11_H1,dollar_amount,"$1,487 million","$1,967 million",1487,1967,394,2,0.3226,FB_001_F18BFC11
FB_002_42BE1D74_H2,dollar_amount,$18.2 billion,$14.3 billion,18.2,14.3,124,1,-0.2138,FB_002_42BE1D74
FB_002_42BE1D74_H1,dollar_amount,$17.8 billion,$10.9 billion,17.8,10.9,313,4,-0.3885,FB_002_42BE1D74
FB_003_959AE4F2_H3,dollar_amount,"$45,517 million","$59,768 million",45517,59768,178,1,0.3131,FB_003_959AE4F2
FB_003_959AE4F2_H2,dollar_amount,"$1,451 million","$1,858 million",1451,1858,303,1,0.2805,FB_003_959AE4F2
FB_003_959AE4F2_H1,dollar_amount,"$35,436 million","$29,761 million",35436,29761,821,1,-0.1602,FB_003_959AE4F2
FB_004_FF1B8BC2_H3,dollar_amount,"$6,081 million","$7,927 million",6081,7927,116,2,0.3035,FB_004_FF1B8BC2
FB_004_FF1B8BC2_H2,dollar_amount,"$36,693 million","$46,995 million",36693,46995,275,3,0.2808,FB_004_FF1B8BC2
FB_004_FF1B8BC2_H1,dollar_amount,"$36,086 million","$44,964 million",36086,44964,581,6,0.246,FB_004_FF1B8BC2
FB_005_FE85BE68_H2,dollar_amount,"$12,421 million","$8,236 million",12421,8236,242,2,-0.3369,FB_005_FE85BE68
FB_005_FE85BE68_H1,dollar_amount,"$8,052 million","$6,023 million",8052,6023,412,6,-0.2519,FB_005_FE85BE68
FB_006_A4622E06_H2,dollar_amount,"$8,492 million","$5,902 million",8492,5902,172,2,-0.305,FB_006_A4622E06
FB_006_A4622E06_H1,dollar_amount,"$4,313 million","$5,576 million",4313,5576,460,2,0.2929,FB_006_A4622E06
FB_007_31B558AC_H3,dollar_amount,$750 million,$1009 million,750,1009,321,6,0.3454,FB_007_31B558AC
FB_007_31B558AC_H2,percentage,3.750%,0.010%,3.750,0.010,587,14,-8.0129,FB_007_31B558AC
FB_007_31B558AC_H1,percentage,4.250%,8.500%,4.250,8.500,783,20,4.2512,FB_007_31B558AC
FB_008_77FDE37A_H3,dollar_amount,$1.49 ,$1.08 ,1.49,1.08,83,1,-0.2747,FB_008_77FDE37A
FB_008_77FDE37A_H2,dollar_amount,$1.49 ,$1.90 ,1.49,1.90,225,3,0.2777,FB_008_77FDE37A
FB_008_77FDE37A_H1,dollar_amount,$5.76 ,$7.92 ,5.76,7.92,605,11,0.3747,FB_008_77FDE37A
FB_009_ABDB2F6B_H2,dollar_amount,"$1,025 million","$1,274 million",1025,1274,527,1,0.2429,FB_009_ABDB2F6B
FB_009_ABDB2F6B_H1,dollar_amount,"$1,037 million","$1,435 million",1037,1435,630,1,0.3838,FB_009_ABDB2F6B
FB_010_CBE1B721_H2,percentage,3.3%,14.3%,3.3,14.3,858,2,10.9622,FB_010_CBE1B721
FB_010_CBE1B721_H1,percentage,5.1%,16.3%,5.1,16.3,994,6,11.2167,FB_010_CBE1B721
FB_011_F50BA584_H2,dollar_amount,"$1,626 million","$1,051 million",1626,1051,84,2,-0.3534,FB_011_F50BA584
FB_011_F50BA584_H1,dollar_amount,"$1,660 million","$1,034 million",1660,1034,191,2,-0.3773,FB_011_F50BA584
FB_012_41487F3A_H2,dollar_amount,"$2,825 million","$2,035 million",2825,2035,86,2,-0.2796,FB_012_41487F3A
FB_012_41487F3A_H1,percentage,21.3%,32.8%,21.3,32.8,419,2,11.4575,FB_012_41487F3A
FB_013_E5C83D85_H2,dollar_amount,"$2,927 million","$2,397 million",2927,2397,493,3,-0.181,FB_013_E5C83D85
FB_013_E5C83D85_H1,dollar_amount,"$2,628 million","$3,504 million",2628,3504,714,3,0.3335,FB_013_E5C83D85
FB_014_3C2ED91D_H2,percentage,32.9%,38.5%,32.9,38.5,75,2,5.6521,FB_014_3C2ED91D
FB_014_3C2ED91D_H1,dollar_amount,"$5,786 million","$4,381 million",5786,4381,294,3,-0.2428,FB_014_3C2ED91D
FB_015_5E139DB3_H2,dollar_amount,"$4,895 million","$3,695 million",4895,3695,252,2,-0.2452,FB_015_5E139DB3
FB_015_5E139DB3_H1,dollar_amount,"$3,396 million","$4,076 million",3396,4076,432,2,0.2002,FB_015_5E139DB3
FB_017_4ABE7642_H3,dollar_amount,"$8,814 million","$11,608 million",8814,11608,94,1,0.317,FB_017_4ABE7642
FB_017_4ABE7642_H2,dollar_amount,"$8,187 million","$5,621 million",8187,5621,303,1,-0.3135,FB_017_4ABE7642
FB_017_4ABE7642_H1,dollar_amount,"$8,814 million","$11,413 million",8814,11413,880,1,0.2949,FB_017_4ABE7642
FB_018_6E9F56BB_H2,dollar_amount,"$38,425 million","$27,446 million",38425,27446,495,1,-0.2857,FB_018_6E9F56BB
FB_018_6E9F56BB_H1,dollar_amount,"$39,339 million","$29,233 million",39339,29233,518,1,-0.2569,FB_018_6E9F56BB
FB_019_A187C1CC_H2,dollar_amount,"$17,202 million","$14,425 million",17202,14425,828,8,-0.1615,FB_019_A187C1CC
FB_019_A187C1CC_H1,dollar_amount,"$16,632 million","$10,104 million",16632,10104,1610,8,-0.3925,FB_019_A187C1CC
FB_020_C68C8862_H2,dollar_amount,"$136,004 million","$179,626 million",136004,179626,102,3,0.3207,FB_020_C68C8862
FB_020_C68C8862_H1,percentage,30.8%,26.6%,30.8,26.6,320,3,-4.1481,FB_020_C68C8862
FB_021_8ECDBFF6_H2,dollar_amount,"$11,588 million","$14,743 million",11588,14743,103,3,0.2722,FB_021_8ECDBFF6
FB_021_8ECDBFF6_H1,dollar_amount,"$3,033 million","$2,112 million",3033,2112,383,5,-0.3036,FB_021_8ECDBFF6
FB_022_466C1ED8_H2,dollar_amount,"$1,205 million",$947 million,1205,947,95,1,-0.2139,FB_022_466C1ED8
FB_022_466C1ED8_H1,dollar_amount,"$1,063 million","$1,235 million",1063,1235,321,3,0.1617,FB_022_466C1ED8
FB_024_214CEB4C_H3,dollar_amount,"$2,843 million","$2,085 million",2843,2085,549,2,-0.2667,FB_024_214CEB4C
FB_024_214CEB4C_H2,dollar_amount,"$4,196 million","$2,926 million",4196,2926,834,3,-0.3028,FB_024_214CEB4C
FB_024_214CEB4C_H1,dollar_amount,"$1,058 million",$891 million,1058,891,1062,4,-0.1583,FB_024_214CEB4C
FB_025_E70F40EB_H3,large_number,"1,200","1,669",1200,1669,1149,8,0.3907,FB_025_E70F40EB
FB_025_E70F40EB_H2,large_number,"13,500","17,880",13500,17880,1342,10,0.3244,FB_025_E70F40EB
FB_025_E70F40EB_H1,large_number,"1,100",897,1100,897,1385,10,-0.1847,FB_025_E70F40EB
FB_027_9BE33B25_H3,percentage,20.5%,12.6%,20.5,12.6,70,1,-7.9429,FB_027_9BE33B25
FB_027_9BE33B25_H2,dollar_amount,"$10,000 million","$8,437 million",10000,8437,697,2,-0.1563,FB_027_9BE33B25
FB_027_9BE33B25_H1,percentage,20.5%,9.4%,20.5,9.4,1000,2,-11.1156,FB_027_9BE33B25
FB_028_C84B8000_H2,dollar_amount,$45 million,$38 million,45,38,120,1,-0.1603,FB_028_C84B8000
FB_028_C84B8000_H1,dollar_amount,$50 million,$38 million,50,38,271,2,-0.2427,FB_028_C84B8000
FB_029_CA5B2B49_H2,dollar_amount,"$2,200 million","$2,622 million",2200,2622,106,1,0.1917,FB_029_CA5B2B49
FB_029_CA5B2B49_H1,dollar_amount,"$2,000 million","$1,517 million",2000,1517,321,3,-0.2417,FB_029_CA5B2B49
FB_030_DF79B84F_H2,dollar_amount,"$14,000 million","$16,612 million",14000,16612,348,2,0.1866,FB_030_DF79B84F
FB_030_DF79B84F_H1,dollar_amount,"$13,500 million","$8,955 million",13500,8955,460,2,-0.3367,FB_030_DF79B84F
FB_031_E5667B37_H3,dollar_amount,"$1,165 million",$762 million,1165,762,516,6,-0.3457,FB_031_E5667B37
FB_031_E5667B37_H2,dollar_amount,"$5,506 million","$7,678 million",5506,7678,554,6,0.3944,FB_031_E5667B37
FB_031_E5667B37_H1,percentage,21.2%,29.4%,21.2,29.4,599,6,8.1789,FB_031_E5667B37
FB_032_D18D6021_H2,dollar_amount,"$1,202 million","$1,474 million",1202,1474,606,4,0.2266,FB_032_D18D6021
FB_032_D18D6021_H1,dollar_amount,"$4,973 million","$6,844 million",4973,6844,624,4,0.3762,FB_032_D18D6021
FB_033_EE9D3CFB_H3,dollar_amount,"$10,800 million","$8,249 million",10800,8249,1204,8,-0.2362,FB_033_EE9D3CFB
FB_033_EE9D3CFB_H2,dollar_amount,"$9,763 million","$6,395 million",9763,6395,1367,9,-0.345,FB_033_EE9D3CFB
FB_033_EE9D3CFB_H1,dollar_amount,"$3,763 million","$4,399 million",3763,4399,1502,9,0.1691,FB_033_EE9D3CFB
FB_034_BDBAA961_H3,dollar_amount,"$16,420 million","$22,281 million",16420,22281,268,3,0.3569,FB_034_BDBAA961
FB_034_BDBAA961_H2,percentage,43.8%,33.9%,43.8,33.9,557,5,-9.9152,FB_034_BDBAA961
FB_034_BDBAA961_H1,dollar_amount,"$16,420 million","$10,590 million",16420,10590,616,7,-0.3551,FB_034_BDBAA961
FB_035_15E1E864_H3,percentage,14.0%,6.4%,14.0,6.4,124,2,-7.6351,FB_035_15E1E864
FB_035_15E1E864_H2,large_number,"1,832","2,445",1832,2445,327,5,0.3349,FB_035_15E1E864
FB_035_15E1E864_H1,large_number,"9,763","12,160",9763,12160,534,7,0.2456,FB_035_15E1E864
FB_036_47FD0B96_H2,large_number,"1,028",802,1028,802,378,1,-0.2195,FB_036_47FD0B96
FB_036_47FD0B96_H1,large_number,"1,525","1,829",1525,1829,666,1,0.1995,FB_036_47FD0B96
FB_037_CB0A4D6D_H3,dollar_amount,"$3,800 million","$3,135 million",3800,3135,852,2,-0.175,FB_037_CB0A4D6D
FB_037_CB0A4D6D_H2,dollar_amount,"$3,100 million","$2,208 million",3100,2208,1004,3,-0.2879,FB_037_CB0A4D6D
FB_037_CB0A4D6D_H1,dollar_amount,"$3,100 million","$2,500 million",3100,2500,1085,3,-0.1935,FB_037_CB0A4D6D
FB_038_9BAA83E2_H2,dollar_amount,"$23,600 million","$19,432 million",23600,19432,373,3,-0.1766,FB_038_9BAA83E2
FB_038_9BAA83E2_H1,percentage,55%,51.7%,55,51.7,533,4,-3.2875,FB_038_9BAA83E2
FB_039_FDBB6DC2_H3,dollar_amount,"$1,000 million","$1,372 million",1000,1372,383,4,0.372,FB_039_FDBB6DC2
FB_039_FDBB6DC2_H2,percentage,4.000%,0.010%,4.000,0.010,448,5,-4.2167,FB_039_FDBB6DC2
FB_039_FDBB6DC2_H1,dollar_amount,"$39,000 million","$46,807 million",39000,46807,682,9,0.2002,FB_039_FDBB6DC2
FB_040_DBF8FC6A_H2,dollar_amount,"$51,000 million","$62,827 million",51000,62827,534,4,0.2319,FB_040_DBF8FC6A
FB_040_DBF8FC6A_H1,percentage,21.6%,29.6%,21.6,29.6,765,7,8.0344,FB_040_DBF8FC6A
FB_041_EB5B1B78_H3,dollar_amount,"$36,090 million","$48,564 million",36090,48564,610,5,0.3456,FB_041_EB5B1B78
FB_041_EB5B1B78_H2,dollar_amount,"$4,825 million","$5,847 million",4825,5847,732,6,0.2118,FB_041_EB5B1B78
FB_041_EB5B1B78_H1,dollar_amount,"$36,090 million","$49,343 million",36090,49343,775,6,0.3672,FB_041_EB5B1B78
FB_042_1741E456_H2,dollar_amount,"$18,816 million","$23,630 million",18816,23630,589,2,0.2558,FB_042_1741E456
FB_042_1741E456_H1,dollar_amount,"$28,842 million","$17,915 million",28842,17915,686,2,-0.3789,FB_042_1741E456
FB_043_1BA81F6A_H3,percentage,20.1%,24.1%,20.1,24.1,110,1,4.0405,FB_043_1BA81F6A
FB_043_1BA81F6A_H2,dollar_amount,"$7,667 million","$5,968 million",7667,5968,672,5,-0.2216,FB_043_1BA81F6A
FB_043_1BA81F6A_H1,percentage,20.1%,31.3%,20.1,31.3,894,5,11.2441,FB_043_1BA81F6A
FB_044_899DEDA7_H3,dollar_amount,"$106,196 million","$87,723 million",106196,87723,259,2,-0.174,FB_044_899DEDA7
FB_044_899DEDA7_H2,dollar_amount,"$58,160 million","$75,098 million",58160,75098,359,3,0.2912,FB_044_899DEDA7
FB_044_899DEDA7_H1,dollar_amount,"$50,000 million","$35,269 million",50000,35269,458,4,-0.2946,FB_044_899DEDA7
FB_045_3960FE69_H2,percentage,5.1%,0.0%,5.1,0.0,569,8,-10.4222,FB_045_3960FE69
FB_045_3960FE69_H1,percentage,6.3%,0.1%,6.3,0.1,659,11,-6.1559,FB_045_3960FE69
FB_046_E323A993_H2,dollar_amount,"$1,034 million","$1,420 million",1034,1420,275,2,0.3732,FB_046_E323A993
FB_046_E323A993_H1,dollar_amount,$977 million,$650 million,977,650,401,3,-0.3343,FB_046_E323A993
FB_047_A9C061FE_H3,dollar_amount,"$1,426 million",$966 million,1426,966,150,1,-0.3228,FB_047_A9C061FE
FB_047_A9C061FE_H2,dollar_amount,"$1,019 million",$832 million,1019,832,603,4,-0.1839,FB_047_A9C061FE
FB_047_A9C061FE_H1,dollar_amount,$263 million,$208 million,263,208,668,5,-0.211,FB_047_A9C061FE
FB_048_79F71CE3_H3,dollar_amount,"$1,519 million","$1,823 million",1519,1823,194,2,0.2,FB_048_79F71CE3
FB_048_79F71CE3_H2,dollar_amount,$684 million,$522 million,684,522,281,2,-0.2365,FB_048_79F71CE3
FB_048_79F71CE3_H1,dollar_amount,$606 million,$721 million,606,721,875,2,0.1904,FB_048_79F71CE3
FB_049_4416C718_H3,dollar_amount,"$1,173 million",$924 million,1173,924,211,3,-0.2126,FB_049_4416C718
FB_049_4416C718_H2,percentage,2.9%,0.0%,2.9,0.0,823,3,-10.786,FB_049_4416C718
FB_049_4416C718_H1,percentage,2.9%,0.0%,2.9,0.0,1043,6,-10.4915,FB_049_4416C718
FB_050_A0B82AEA_H2,dollar_amount,"$3,719 million","$2,780 million",3719,2780,214,3,-0.2524,FB_050_A0B82AEA
FB_050_A0B82AEA_H1,dollar_amount,"$3,579 million","$4,922 million",3579,4922,310,3,0.3751,FB_050_A0B82AEA
FB_051_091D46D5_H3,dollar_amount,"$46,294 million","$29,580 million",46294,29580,696,8,-0.361,FB_051_091D46D5
FB_051_091D46D5_H2,dollar_amount,"$47,262 million","$55,020 million",47262,55020,799,8,0.1642,FB_051_091D46D5
FB_051_091D46D5_H1,percentage,2%,10.3%,2,10.3,2044,18,8.334,FB_051_091D46D5
FB_052_FC76DF78_H3,large_number,"1,846","1,157",1846,1157,698,8,-0.373,FB_052_FC76DF78
FB_052_FC76DF78_H2,large_number,"47,262","32,254",47262,32254,808,9,-0.3175,FB_052_FC76DF78
FB_052_FC76DF78_H1,large_number,"1,570","1,229",1570,1229,847,9,-0.2174,FB_052_FC76DF78
FB_053_05E755A5_H3,dollar_amount,"$1,518 million","$1,210 million",1518,1210,133,3,-0.203,FB_053_05E755A5
FB_053_05E755A5_H2,large_number,"1,188","1,421",1188,1421,253,3,0.1963,FB_053_05E755A5
FB_053_05E755A5_H1,large_number,"1,045",852,1045,852,646,3,-0.1844,FB_053_05E755A5
FB_054_F1BBC565_H3,dollar_amount,"$1,200 million",$911 million,1200,911,138,3,-0.2412,FB_054_F1BBC565
FB_054_F1BBC565_H2,dollar_amount,"$3,200 million","$2,191 million",3200,2191,441,5,-0.3154,FB_054_F1BBC565
FB_054_F1BBC565_H1,dollar_amount,"$1,200 million",$789 million,1200,789,879,9,-0.3427,FB_054_F1BBC565
FB_055_B75D0172_H3,large_number,"1,024",822,1024,822,123,3,-0.1968,FB_055_B75D0172
FB_055_B75D0172_H2,large_number,"1,040",698,1040,698,178,4,-0.3289,FB_055_B75D0172
FB_055_B75D0172_H1,large_number,"1,024","1,272",1024,1272,365,6,0.2418,FB_055_B75D0172
FB_056_E46FAB20_H3,dollar_amount,"$1,800 million","$1,519 million",1800,1519,381,3,-0.1561,FB_056_E46FAB20
FB_056_E46FAB20_H2,dollar_amount,$600 million,$738 million,600,738,479,3,0.2308,FB_056_E46FAB20
FB_056_E46FAB20_H1,dollar_amount,"$1,900 million","$1,307 million",1900,1307,1024,3,-0.3119,FB_056_E46FAB20
FB_057_2D006C3F_H3,dollar_amount,$467.5 million,$606.8 million,467.5,606.8,412,7,0.2979,FB_057_2D006C3F
FB_057_2D006C3F_H2,dollar_amount,$360.6 million,$259.8 million,360.6,259.8,481,8,-0.2795,FB_057_2D006C3F
FB_057_2D006C3F_H1,dollar_amount,"$1,197.5 million",$788.1 million,1197.5,788.1,774,13,-0.3419,FB_057_2D006C3F
FB_058_4FC4F0E9_H3,dollar_amount,"$4,711 million","$5,585 million",4711,5585,120,3,0.1856,FB_058_4FC4F0E9
FB_058_4FC4F0E9_H2,percentage,101.6%,91.9%,101.6,91.9,315,3,-9.6753,FB_058_4FC4F0E9
FB_058_4FC4F0E9_H1,dollar_amount,"$9,493 million","$12,544 million",9493,12544,457,4,0.3214,FB_058_4FC4F0E9
FB_060_D8048F85_H2,dollar_amount,"$83,535 million","$115,274 million",83535,115274,97,1,0.3799,FB_060_D8048F85
FB_060_D8048F85_H1,dollar_amount,"$139,660 million","$85,028 million",139660,85028,201,1,-0.3912,FB_060_D8048F85
FB_061_B30537F0_H3,dollar_amount,"$62,283 million","$52,278 million",62283,52278,800,6,-0.1606,FB_061_B30537F0
FB_061_B30537F0_H2,dollar_amount,"$21,319 million","$13,434 million",21319,13434,987,6,-0.3699,FB_061_B30537F0
FB_061_B30537F0_H1,percentage,23.0%,14.4%,23.0,14.4,1587,12,-8.5814,FB_061_B30537F0
FB_062_CCEDD88C_H1,dollar_amount,"$156,898 million","$191,569 million",156898,191569,1668,13,0.221,FB_062_CCEDD88C
FB_063_38B981AD_H2,percentage,7.1%,0.9%,7.1,0.9,1024,4,-6.2272,FB_063_38B981AD
FB_063_38B981AD_H1,dollar_amount,"$58,658 million","$71,042 million",58658,71042,1103,5,0.2111,FB_063_38B981AD
FB_064_7576A9AF_H3,dollar_amount,"$14,800 million","$12,426 million",14800,12426,644,2,-0.1604,FB_064_7576A9AF
FB_064_7576A9AF_H2,dollar_amount,"$15,300 million","$18,525 million",15300,18525,854,2,0.2108,FB_064_7576A9AF
FB_064_7576A9AF_H1,dollar_amount,"$15,100 million","$19,162 million",15100,19162,1203,2,0.269,FB_064_7576A9AF
FB_065_8F3B2425_H3,dollar_amount,"$58,658 million","$41,886 million",58658,41886,329,3,-0.2859,FB_065_8F3B2425
FB_065_8F3B2425_H2,dollar_amount,"$26,210 million","$18,532 million",26210,18532,752,7,-0.2929,FB_065_8F3B2425
FB_065_8F3B2425_H1,dollar_amount,$382 billion,$469 billion,382,469,1058,10,0.2272,FB_065_8F3B2425
FB_067_92C7D508_H3,percentage,20.0%,9.5%,20.0,9.5,103,1,-10.5072,FB_067_92C7D508
FB_067_92C7D508_H2,dollar_amount,"$1,200 million","$1,513 million",1200,1513,288,5,0.261,FB_067_92C7D508
FB_067_92C7D508_H1,dollar_amount,"$5,500 million","$3,936 million",5500,3936,602,8,-0.2844,FB_067_92C7D508
FB_068_46FFC913_H2,dollar_amount,"$86,180.5 million","$58,656.0 million",86180.5,58656.0,417,1,-0.3194,FB_068_46FFC913
FB_068_46FFC913_H1,percentage,1.45%,0.01%,1.45,0.01,550,4,-11.0708,FB_068_46FFC913
FB_069_15B93D82_H2,percentage,44.2%,51.5%,44.2,51.5,126,1,7.2957,FB_069_15B93D82
FB_069_15B93D82_H1,dollar_amount,"$33,014 million","$25,413 million",33014,25413,648,4,-0.2302,FB_069_15B93D82
FB_070_4418F850_H3,dollar_amount,"$7,964 million","$5,694 million",7964,5694,142,2,-0.285,FB_070_4418F850
FB_070_4418F850_H2,dollar_amount,"$11,952 million","$14,585 million",11952,14585,211,2,0.2203,FB_070_4418F850
FB_070_4418F850_H1,dollar_amount,"$11,952 million","$14,512 million",11952,14512,504,4,0.2142,FB_070_4418F850
FB_071_0CB99E74_H3,dollar_amount,"$3,167 million","$4,292 million",3167,4292,879,6,0.3552,FB_071_0CB99E74
FB_071_0CB99E74_H2,dollar_amount,$111 million,$73 million,111,73,1411,8,-0.3454,FB_071_0CB99E74
FB_071_0CB99E74_H1,dollar_amount,"$10,248 million","$7,381 million",10248,7381,1459,9,-0.2797,FB_071_0CB99E74
FB_072_05A484DC_H2,dollar_amount,"$11,500 million","$8,255 million",11500,8255,200,2,-0.2822,FB_072_05A484DC
FB_072_05A484DC_H1,large_number,"3,206","2,118",3206,2118,357,2,-0.3393,FB_072_05A484DC
FB_073_5495DBB9_H3,percentage,13.9%,9.9%,13.9,9.9,201,2,-4.0411,FB_073_5495DBB9
FB_073_5495DBB9_H2,dollar_amount,$264 million,$221 million,264,221,397,5,-0.1646,FB_073_5495DBB9
FB_073_5495DBB9_H1,dollar_amount,$292 million,$207 million,292,207,506,5,-0.2914,FB_073_5495DBB9
FB_074_499976A7_H2,dollar_amount,"$8,108 million","$6,078 million",8108,6078,482,1,-0.2503,FB_074_499976A7
FB_074_499976A7_H1,dollar_amount,"$7,400 million","$9,948 million",7400,9948,770,1,0.3444,FB_074_499976A7
FB_075_D5F39BB5_H2,dollar_amount,"$59,431 million","$38,256 million",59431,38256,99,1,-0.3563,FB_075_D5F39BB5
FB_075_D5F39BB5_H1,dollar_amount,"$53,189 million","$41,694 million",53189,41694,211,1,-0.2161,FB_075_D5F39BB5
FB_076_1BF5949C_H3,dollar_amount,"$194,579 million","$124,200 million",194579,124200,71,1,-0.3617,FB_076_1BF5949C
FB_076_1BF5949C_H2,dollar_amount,"$21,643 million","$27,991 million",21643,27991,225,1,0.2933,FB_076_1BF5949C
FB_076_1BF5949C_H1,dollar_amount,"$22,389 million","$29,388 million",22389,29388,604,1,0.3126,FB_076_1BF5949C
FB_077_6547C156_H3,dollar_amount,"$3,100 million","$2,148 million",3100,2148,84,1,-0.3072,FB_077_6547C156
FB_077_6547C156_H2,dollar_amount,"$2,500 million","$3,128 million",2500,3128,502,1,0.2512,FB_077_6547C156
FB_077_6547C156_H1,dollar_amount,"$128,000 million","$78,204 million",128000,78204,603,1,-0.389,FB_077_6547C156
FB_078_F8A3C776_H2,dollar_amount,$3.0 billion,$2.0 billion,3.0,2.0,741,6,-0.3456,FB_078_F8A3C776
FB_078_F8A3C776_H1,dollar_amount,$2.0 billion,$1.4 billion,2.0,1.4,1044,8,-0.3041,FB_078_F8A3C776
FB_079_C8770283_H3,dollar_amount,$0.50 ,$0.68 ,0.50,0.68,131,1,0.3553,FB_079_C8770283
FB_079_C8770283_H2,dollar_amount,$0.50 ,$0.69 ,0.50,0.69,397,5,0.3708,FB_079_C8770283
FB_079_C8770283_H1,dollar_amount,$1.98 ,$1.25 ,1.98,1.25,450,7,-0.3703,FB_079_C8770283
FB_081_4E1CC3D9_H2,large_number,"48,123,456","63,263,625",48123456,63263625,343,6,0.3146,FB_081_4E1CC3D9
FB_081_4E1CC3D9_H1,large_number,"9,876,543","12,416,701",9876543,12416701,764,15,0.2572,FB_081_4E1CC3D9
FB_082_4FFC55E4_H2,dollar_amount,"$1,059 million","$1,334 million",1059,1334,174,2,0.2594,FB_082_4FFC55E4
FB_082_4FFC55E4_H1,dollar_amount,$30 million,$37 million,30,37,1880,11,0.2245,FB_082_4FFC55E4
FB_083_62A760DF_H3,dollar_amount,"$2,972 million","$3,586 million",2972,3586,430,4,0.2066,FB_083_62A760DF
FB_083_62A760DF_H2,dollar_amount,"$2,731 million","$3,712 million",2731,3712,671,6,0.3593,FB_083_62A760DF
FB_083_62A760DF_H1,dollar_amount,"$3,556 million","$2,326 million",3556,2326,789,7,-0.3459,FB_083_62A760DF
FB_084_403F35B5_H2,dollar_amount,"$1,205 million",$952 million,1205,952,84,1,-0.2099,FB_084_403F35B5
FB_084_403F35B5_H1,dollar_amount,"$1,205 million",$735 million,1205,735,406,1,-0.3898,FB_084_403F35B5
FB_085_149EBAE9_H3,dollar_amount,"$1,174 million",$772 million,1174,772,345,4,-0.3422,FB_085_149EBAE9
FB_085_149EBAE9_H2,dollar_amount,"$1,174 million",$898 million,1174,898,541,6,-0.2354,FB_085_149EBAE9
FB_085_149EBAE9_H1,dollar_amount,"$1,905 million","$1,353 million",1905,1353,622,6,-0.2898,FB_085_149EBAE9
FB_086_889F46BB_H3,dollar_amount,"$93,775 million","$70,366 million",93775,70366,202,1,-0.2496,FB_086_889F46BB
FB_086_889F46BB_H2,dollar_amount,"$16,676 million","$22,612 million",16676,22612,405,1,0.356,FB_086_889F46BB
FB_086_889F46BB_H1,dollar_amount,"$14,714 million","$8,873 million",14714,8873,605,1,-0.397,FB_086_889F46BB
FB_087_99FD2FB2_H3,percentage,81.1%,70.3%,81.1,70.3,188,1,-10.7797,FB_087_99FD2FB2
FB_087_99FD2FB2_H2,dollar_amount,"$15,157 million","$20,998 million",15157,20998,1061,12,0.3853,FB_087_99FD2FB2
FB_087_99FD2FB2_H1,dollar_amount,"$67,427 million","$84,991 million",67427,84991,1159,13,0.2605,FB_087_99FD2FB2
FB_088_DD231ABD_H3,dollar_amount,"$94,943 million","$130,473 million",94943,130473,84,1,0.3742,FB_088_DD231ABD
FB_088_DD231ABD_H2,dollar_amount,"$15,120 million","$19,470 million",15120,19470,701,2,0.2877,FB_088_DD231ABD
FB_088_DD231ABD_H1,dollar_amount,"$14,230 million","$18,618 million",14230,18618,908,2,0.3084,FB_088_DD231ABD
FB_089_CF6163C6_H2,dollar_amount,$2.35 ,$3.05 ,2.35,3.05,117,1,0.2996,FB_089_CF6163C6
FB_089_CF6163C6_H1,percentage,22.8%,31.6%,22.8,31.6,476,10,8.8459,FB_089_CF6163C6
FB_090_72CFB567_H3,dollar_amount,"$46,211 million","$62,980 million",46211,62980,570,1,0.3629,FB_090_72CFB567
FB_090_72CFB567_H2,dollar_amount,"$34,678 million","$48,060 million",34678,48060,690,2,0.3859,FB_090_72CFB567
FB_090_72CFB567_H1,dollar_amount,"$34,678 million","$40,543 million",34678,40543,709,2,0.1691,FB_090_72CFB567
FB_091_82F6C167_H3,dollar_amount,"$3,694 million","$4,690 million",3694,4690,323,2,0.2697,FB_091_82F6C167
FB_091_82F6C167_H2,dollar_amount,"$3,650 million","$2,388 million",3650,2388,418,2,-0.3457,FB_091_82F6C167
FB_091_82F6C167_H1,dollar_amount,"$3,580 million","$2,481 million",3580,2481,513,2,-0.3069,FB_091_82F6C167
FB_092_1FF70EDD_H1,dollar_amount,$13.0 billion,$16.9 billion,13.0,16.9,166,1,0.3024,FB_092_1FF70EDD
FB_093_3013F02B_H1,dollar_amount,"$3,500 million","$4,412 million",3500,4412,129,1,0.2607,FB_093_3013F02B
FB_094_62DF77C2_H3,dollar_amount,"$24,000 million","$32,304 million",24000,32304,227,1,0.346,FB_094_62DF77C2
FB_094_62DF77C2_H2,percentage,19.87%,26.36%,19.87,26.36,743,2,6.4922,FB_094_62DF77C2
FB_094_62DF77C2_H1,percentage,19.87%,25.10%,19.87,25.10,1518,7,5.2279,FB_094_62DF77C2
FB_095_25B2B23C_H2,dollar_amount,"$14,170 million","$9,112 million",14170,9112,328,3,-0.357,FB_095_25B2B23C
FB_095_25B2B23C_H1,dollar_amount,"$4,020 million","$5,399 million",4020,5399,462,3,0.3429,FB_095_25B2B23C
FB_096_3F49DA9A_H3,dollar_amount,"$3,478,000 million","$2,632,855 million",3478000,2632855,181,2,-0.243,FB_096_3F49DA9A
FB_096_3F49DA9A_H2,dollar_amount,"$208,000 million","$126,259 million",208000,126259,299,2,-0.393,FB_096_3F49DA9A
FB_096_3F49DA9A_H1,large_number,"3,000","1,899",3000,1899,440,2,-0.3669,FB_096_3F49DA9A
FB_097_2BA7758E_H2,percentage,76.8%,69.6%,76.8,69.6,109,2,-7.1807,FB_097_2BA7758E
FB_097_2BA7758E_H1,percentage,76.8%,70.4%,76.8,70.4,385,5,-6.3556,FB_097_2BA7758E
FB_098_7154A728_H2,dollar_amount,"$1,000 million",$801 million,1000,801,431,3,-0.1993,FB_098_7154A728
FB_098_7154A728_H1,dollar_amount,"$8,640 million","$12,001 million",8640,12001,597,4,0.389,FB_098_7154A728
FB_099_6BE111D5_H3,dollar_amount,$23 million,$18 million,23,18,142,2,-0.2112,FB_099_6BE111D5
FB_099_6BE111D5_H2,dollar_amount,"$7,500 million","$6,231 million",7500,6231,425,4,-0.1693,FB_099_6BE111D5
FB_099_6BE111D5_H1,dollar_amount,"$7,200 million","$9,150 million",7200,9150,543,5,0.2708,FB_099_6BE111D5
FB_100_6814F36E_H2,dollar_amount,"$1,748 million","$1,172 million",1748,1172,305,1,-0.3294,FB_100_6814F36E
FB_100_6814F36E_H1,dollar_amount,"$1,698 million","$2,011 million",1698,2011,521,1,0.1844,FB_100_6814F36E
FB_101_79109208_H2,dollar_amount,"$45,200 million","$37,987 million",45200,37987,483,1,-0.1596,FB_101_79109208
FB_101_79109208_H1,dollar_amount,"$46,800 million","$64,022 million",46800,64022,524,1,0.368,FB_101_79109208
FB_102_F5764A3D_H2,dollar_amount,"$22,189 million","$16,467 million",22189,16467,147,1,-0.2579,FB_102_F5764A3D
FB_102_F5764A3D_H1,dollar_amount,"$12,242 million","$14,968 million",12242,14968,726,5,0.2227,FB_102_F5764A3D
FB_103_98E6E9E2_H2,dollar_amount,"$65,398 million","$90,117 million",65398,90117,110,1,0.378,FB_103_98E6E9E2
FB_103_98E6E9E2_H1,dollar_amount,"$67,045 million","$87,879 million",67045,87879,214,1,0.3107,FB_103_98E6E9E2
FB_104_AE0FFD33_H3,dollar_amount,"$1,479 million",$952 million,1479,952,90,1,-0.3563,FB_104_AE0FFD33
FB_104_AE0FFD33_H2,dollar_amount,"$1,379 million","$1,050 million",1379,1050,205,1,-0.2384,FB_104_AE0FFD33
FB_104_AE0FFD33_H1,dollar_amount,"$1,295 million","$1,084 million",1295,1084,300,1,-0.1626,FB_104_AE0FFD33
FB_105_61DCE693_H3,dollar_amount,"$12,865 million","$8,743 million",12865,8743,448,1,-0.3204,FB_105_61DCE693
FB_105_61DCE693_H2,dollar_amount,"$13,165 million","$17,790 million",13165,17790,551,1,0.3513,FB_105_61DCE693
FB_105_61DCE693_H1,percentage,19.74%,12.12%,19.74,12.12,944,3,-7.6235,FB_105_61DCE693
FB_106_EB0A9203_H2,dollar_amount,$2 million,$1 million,2,1,213,2,-0.254,FB_106_EB0A9203
FB_107_B17259C6_H2,dollar_amount,$394 million,$532 million,394,532,307,1,0.3492,FB_107_B17259C6
FB_107_B17259C6_H1,dollar_amount,$96 million,$59 million,96,59,700,1,-0.3881,FB_107_B17259C6
FB_108_8E72B311_H2,dollar_amount,"$1,158 million",$793 million,1158,793,386,3,-0.3155,FB_108_8E72B311
FB_108_8E72B311_H1,dollar_amount,$410 million,$301 million,410,301,583,6,-0.267,FB_108_8E72B311
FB_109_F3781DA6_H2,dollar_amount,"$6,324 million","$4,868 million",6324,4868,333,3,-0.2302,FB_109_F3781DA6
FB_109_F3781DA6_H1,dollar_amount,$251 million,$210 million,251,210,543,5,-0.1614,FB_109_F3781DA6
FB_110_74F7847F_H2,dollar_amount,"$1,500 million","$1,210 million",1500,1210,160,1,-0.1933,FB_110_74F7847F
FB_110_74F7847F_H1,dollar_amount,$900 million,$730 million,900,730,247,3,-0.1893,FB_110_74F7847F
FB_111_A4B199F5_H3,dollar_amount,"$24,060 million","$15,037 million",24060,15037,118,1,-0.375,FB_111_A4B199F5
FB_111_A4B199F5_H2,dollar_amount,"$23,198 million","$19,557 million",23198,19557,233,2,-0.1569,FB_111_A4B199F5
FB_111_A4B199F5_H1,dollar_amount,"$23,674 million","$28,477 million",23674,28477,328,3,0.2029,FB_111_A4B199F5
FB_112_2DC55A31_H2,dollar_amount,"$51,000 million","$41,918 million",51000,41918,116,1,-0.1781,FB_112_2DC55A31
FB_112_2DC55A31_H1,dollar_amount,"$48,000 million","$28,845 million",48000,28845,219,1,-0.3991,FB_112_2DC55A31
FB_113_30E7F266_H2,large_number,"13,500","17,859",13500,17859,182,2,0.3229,FB_113_30E7F266
FB_113_30E7F266_H1,large_number,"1,200",906,1200,906,255,3,-0.2447,FB_113_30E7F266
FB_114_ACC06CE8_H2,dollar_amount,"$4,052 million","$2,742 million",4052,2742,102,2,-0.3233,FB_114_ACC06CE8
FB_114_ACC06CE8_H1,dollar_amount,"$2,474 million","$3,253 million",2474,3253,330,2,0.3149,FB_114_ACC06CE8
FB_115_AE55E4C4_H3,dollar_amount,"$12,199 million","$9,070 million",12199,9070,105,2,-0.2565,FB_115_AE55E4C4
FB_115_AE55E4C4_H2,large_number,"32,376","21,769",32376,21769,328,2,-0.3276,FB_115_AE55E4C4
FB_115_AE55E4C4_H1,percentage,37.7%,47.3%,37.7,47.3,1068,8,9.6416,FB_115_AE55E4C4
FB_116_1C09CCA7_H3,dollar_amount,"$7,883 million","$5,544 million",7883,5544,99,2,-0.2968,FB_116_1C09CCA7
FB_116_1C09CCA7_H2,dollar_amount,"$7,477 million","$9,099 million",7477,9099,218,2,0.2169,FB_116_1C09CCA7
FB_116_1C09CCA7_H1,dollar_amount,"$6,704 million","$4,680 million",6704,4680,317,2,-0.3019,FB_116_1C09CCA7
FB_117_C880E731_H3,dollar_amount,"$5,200 million","$6,037 million",5200,6037,453,5,0.161,FB_117_C880E731
FB_117_C880E731_H2,dollar_amount,"$4,951.50 million","$6,546.86 million",4951.50,6546.86,475,5,0.3222,FB_117_C880E731
FB_117_C880E731_H1,dollar_amount,"$4,951.50 million","$3,274.29 million",4951.50,3274.29,585,7,-0.3387,FB_117_C880E731
FB_118_8B6021A4_H3,large_number,"1,112",739,1112,739,635,2,-0.3357,FB_118_8B6021A4
FB_118_8B6021A4_H2,dollar_amount,"$5,752 million","$7,663 million",5752,7663,902,2,0.3322,FB_118_8B6021A4
FB_118_8B6021A4_H1,dollar_amount,"$5,066 million","$4,216 million",5066,4216,1491,2,-0.1678,FB_118_8B6021A4
FB_119_3CD84B18_H3,dollar_amount,"$18,407 million","$23,876 million",18407,23876,101,2,0.2971,FB_119_3CD84B18
FB_119_3CD84B18_H2,dollar_amount,"$10,498 million","$12,740 million",10498,12740,398,2,0.2135,FB_119_3CD84B18
FB_119_3CD84B18_H1,dollar_amount,"$10,226 million","$8,689 million",10226,8689,779,2,-0.1503,FB_119_3CD84B18
FB_120_223C47BE_H2,dollar_amount,$4.2 billion,$3.2 billion,4.2,3.2,223,3,-0.2296,FB_120_223C47BE
FB_120_223C47BE_H1,dollar_amount,$3.4 billion,$2.5 billion,3.4,2.5,330,5,-0.2681,FB_120_223C47BE
FB_124_C0D9EB5C_H3,dollar_amount,"$8,613 million","$6,616 million",8613,6616,178,1,-0.2319,FB_124_C0D9EB5C
FB_124_C0D9EB5C_H2,dollar_amount,"$11,813 million","$15,021 million",11813,15021,249,2,0.2715,FB_124_C0D9EB5C
FB_124_C0D9EB5C_H1,dollar_amount,"$10,200 million","$6,610 million",10200,6610,1149,3,-0.3519,FB_124_C0D9EB5C
FB_125_E7A2D24B_H3,percentage,23.9%,18.6%,23.9,18.6,104,1,-5.2866,FB_125_E7A2D24B
FB_125_E7A2D24B_H2,dollar_amount,"$13,209 million","$17,408 million",13209,17408,166,3,0.3179,FB_125_E7A2D24B
FB_125_E7A2D24B_H1,dollar_amount,"$17,188 million","$22,497 million",17188,22497,791,8,0.3089,FB_125_E7A2D24B
FB_126_3313FCA9_H3,percentage,35.5%,27.2%,35.5,27.2,188,2,-8.3173,FB_126_3313FCA9
FB_126_3313FCA9_H2,large_number,"355,000,000","475,408,619",355000000,475408619,372,4,0.3392,FB_126_3313FCA9
FB_126_3313FCA9_H1,large_number,"645,000,000","748,272,843",645000000,748272843,403,4,0.1601,FB_126_3313FCA9
FB_127_E1B380E5_H2,dollar_amount,$1.5 billion,$1.0 billion,1.5,1.0,135,2,-0.3125,FB_127_E1B380E5
FB_127_E1B380E5_H1,dollar_amount,$5.5 billion,$4.6 billion,5.5,4.6,181,3,-0.1561,FB_127_E1B380E5
FB_128_F410AC0E_H3,dollar_amount,"$3,000 million","$4,150 million",3000,4150,152,1,0.3832,FB_128_F410AC0E
FB_128_F410AC0E_H2,dollar_amount,"$41,173 million","$27,616 million",41173,27616,331,3,-0.3293,FB_128_F410AC0E
FB_128_F410AC0E_H1,dollar_amount,"$92,575 million","$107,506 million",92575,107506,475,5,0.1613,FB_128_F410AC0E
FB_129_1F62F697_H3,percentage,10%,14.2%,10,14.2,313,2,4.2192,FB_129_1F62F697
FB_129_1F62F697_H2,percentage,10.3%,16.9%,10.3,16.9,755,5,6.5824,FB_129_1F62F697
FB_129_1F62F697_H1,dollar_amount,$1.29 ,$1.00 ,1.29,1.00,1084,10,-0.2223,FB_129_1F62F697
FB_130_B646D047_H3,percentage,10%,17.6%,10,17.6,136,1,7.601,FB_130_B646D047
FB_130_B646D047_H2,percentage,8%,2.6%,8,2.6,168,1,-5.3668,FB_130_B646D047
FB_130_B646D047_H1,percentage,8%,17.0%,8,17.0,366,3,9.0396,FB_130_B646D047
FB_131_3A78CB5F_H2,dollar_amount,"$12,171 million","$8,948 million",12171,8948,140,2,-0.2648,FB_131_3A78CB5F
FB_131_3A78CB5F_H1,large_number,"11,396","7,869",11396,7869,521,2,-0.3095,FB_131_3A78CB5F
FB_132_9F7A4F77_H2,dollar_amount,"$20,028 million","$26,881 million",20028,26881,367,4,0.3422,FB_132_9F7A4F77
FB_132_9F7A4F77_H1,dollar_amount,"$2,200 million","$1,431 million",2200,1431,855,8,-0.3494,FB_132_9F7A4F77
FB_133_F4882588_H3,dollar_amount,"$11,400 million","$14,483 million",11400,14483,131,4,0.2705,FB_133_F4882588
FB_133_F4882588_H2,dollar_amount,"$2,000 million","$2,747 million",2000,2747,293,7,0.3737,FB_133_F4882588
FB_133_F4882588_H1,dollar_amount,"$1,000 million","$1,317 million",1000,1317,531,9,0.3168,FB_133_F4882588
FB_134_8EAD738D_H1,dollar_amount,"$1,200 million","$1,654 million",1200,1654,97,2,0.3784,FB_134_8EAD738D
FB_135_DFC4B0A4_H3,dollar_amount,"$3,174 million","$2,548 million",3174,2548,211,2,-0.1972,FB_135_DFC4B0A4
FB_135_DFC4B0A4_H2,dollar_amount,"$12,427 million","$16,404 million",12427,16404,423,7,0.3201,FB_135_DFC4B0A4
FB_135_DFC4B0A4_H1,percentage,4.0%,0.0%,4.0,0.0,504,7,-6.8871,FB_135_DFC4B0A4
FB_137_A71B03EF_H2,dollar_amount,"$1,000 million",$751 million,1000,751,191,2,-0.2493,FB_137_A71B03EF
FB_137_A71B03EF_H1,dollar_amount,"$1,500 million",$931 million,1500,931,529,3,-0.3791,FB_137_A71B03EF
FB_138_1767BBA1_H3,dollar_amount,"$3,900.5 million","$5,245.6 million",3900.5,5245.6,361,3,0.3449,FB_138_1767BBA1
FB_138_1767BBA1_H2,dollar_amount,"$3,200.2 million","$2,212.1 million",3200.2,2212.1,561,5,-0.3088,FB_138_1767BBA1
FB_138_1767BBA1_H1,dollar_amount,"$3,500.0 million","$2,497.7 million",3500.0,2497.7,873,8,-0.2864,FB_138_1767BBA1
FB_139_4FC46F83_H3,dollar_amount,"$2,800.0 million","$1,698.3 million",2800.0,1698.3,448,9,-0.3935,FB_139_4FC46F83
FB_139_4FC46F83_H2,percentage,42.4%,31.4%,42.4,31.4,562,11,-11.0346,FB_139_4FC46F83
FB_139_4FC46F83_H1,percentage,50.1%,43.9%,50.1,43.9,799,17,-6.1781,FB_139_4FC46F83
FB_140_E38BA3D2_H3,dollar_amount,"$1,211.8 million",$952.0 million,1211.8,952.0,115,1,-0.2144,FB_140_E38BA3D2
FB_140_E38BA3D2_H2,dollar_amount,"$1,050.5 million","$1,266.6 million",1050.5,1266.6,343,5,0.2057,FB_140_E38BA3D2
FB_140_E38BA3D2_H1,dollar_amount,"$1,646.5 million","$1,112.3 million",1646.5,1112.3,560,12,-0.3245,FB_140_E38BA3D2
FB_141_339C8E4B_H3,dollar_amount,$250 million,$298 million,250,298,235,2,0.1926,FB_141_339C8E4B
FB_141_339C8E4B_H2,dollar_amount,"$1,500 million","$1,001 million",1500,1001,655,5,-0.3324,FB_141_339C8E4B
FB_141_339C8E4B_H1,percentage,25%,18.1%,25,18.1,1404,11,-6.9065,FB_141_339C8E4B
FB_142_54C31BE1_H2,dollar_amount,"$1,083.5 million",$830.6 million,1083.5,830.6,73,1,-0.2334,FB_142_54C31BE1
FB_142_54C31BE1_H1,dollar_amount,"$3,829.0 million","$4,411.0 million",3829.0,4411.0,366,5,0.152,FB_142_54C31BE1
FB_143_A0EA48F4_H3,dollar_amount,"$12,000 million","$15,974 million",12000,15974,278,2,0.3312,FB_143_A0EA48F4
FB_143_A0EA48F4_H2,dollar_amount,"$1,500 million","$1,034 million",1500,1034,579,3,-0.3109,FB_143_A0EA48F4
FB_143_A0EA48F4_H1,dollar_amount,"$11,000 million","$8,922 million",11000,8922,804,4,-0.1889,FB_143_A0EA48F4
FB_144_BD395CC4_H2,dollar_amount,"$3,800 million","$2,611 million",3800,2611,160,2,-0.3129,FB_144_BD395CC4
FB_144_BD395CC4_H1,dollar_amount,"$3,600 million","$4,598 million",3600,4598,324,3,0.2772,FB_144_BD395CC4
FB_145_F02E8ED1_H2,dollar_amount,"$27,241 million","$37,936 million",27241,37936,185,3,0.3926,FB_145_F02E8ED1
FB_145_F02E8ED1_H1,dollar_amount,"$12,066 million","$7,911 million",12066,7911,493,3,-0.3443,FB_145_F02E8ED1
FB_146_6EE83766_H3,dollar_amount,"$202,000 million","$127,741 million",202000,127741,212,2,-0.3676,FB_146_6EE83766
FB_146_6EE83766_H2,dollar_amount,"$19,000 million","$15,877 million",19000,15877,318,2,-0.1643,FB_146_6EE83766
FB_146_6EE83766_H1,dollar_amount,"$18,000 million","$12,860 million",18000,12860,433,2,-0.2856,FB_146_6EE83766
FB_147_D81E1F94_H3,dollar_amount,"$164,000 million","$214,715 million",164000,214715,135,2,0.3092,FB_147_D81E1F94
FB_147_D81E1F94_H2,dollar_amount,"$159,000 million","$212,971 million",159000,212971,244,3,0.3394,FB_147_D81E1F94
FB_147_D81E1F94_H1,dollar_amount,"$75,000 million","$50,809 million",75000,50809,707,7,-0.3225,FB_147_D81E1F94
FB_148_2F878B14_H2,dollar_amount,"$1,402 million",$883 million,1402,883,1118,5,-0.3704,FB_148_2F878B14
FB_148_2F878B14_H1,large_number,049308,32542,049308,32542,1322,6,-0.34,FB_148_2F878B14
FB_149_247B6607_H2,dollar_amount,"$24,202 million","$30,045 million",24202,30045,214,2,0.2414,FB_149_247B6607
FB_149_247B6607_H1,percentage,4.7%,16.1%,4.7,16.1,787,3,11.4464,FB_149_247B6607
FB_150_3E3CE551_H2,dollar_amount,"$22,165 million","$14,431 million",22165,14431,1181,8,-0.3489,FB_150_3E3CE551
FB_150_3E3CE551_H1,dollar_amount,"$514,405 million","$347,115 million",514405,347115,1307,9,-0.3252,FB_150_3E3CE551
